{
  "name": "io.macaw.feature.netonix.ws.voltage.monitoring",
  "sourceMechanism": "SNMP",
  "collection-target": {
    "service-name": "generic-snmp-service",
    "service-namespace": "io.macaw.services",
    "target-api": "getFeature",
    "argTypes": [
      "java.lang.String",
      "java.lang.String",
      "java.lang.String",
      "io.macaw.snmp.DeviceKey",
      "java.lang.String",
      "[Ljava.util.Map;",
      "java.util.Map"
    ],
    "args": [
      "__ENV_ID__",
      "__DEVICE_TARGET__",
      "__CREDENTIAL_ID__",
      "__DEVICE_PACKAGE_KEY__",
      "voltageTable",
      "__INDEXES__",
      "__PROPERTY_MAP__"
    ],
    "is-component": true,
    "component-type": "device-voltage",
    "component-label-field": "componentLabel",
    "fqn-fields": [
      {
        "componentLabel": "physicalEntity"
      }
    ]
  },
  "data-handlers": [
    {
      "id": "io.macaw.feature.netonix.ws.voltage.monitoring.metric.voltagestatus",
      "post-collection-type": "custom-script",
	  "post-collection-handler": "device_netonix_voltage.js",
      "table-bindings": {
        "database-name": "MetricFamily",
        "measurement": "metric",
        "field-bindings": [
          {
            "voltage": "metricValue"
          }
        ],
        "tag-bindings": [
          {
            "name": "metricName"
          }
        ]
      }
    }
  ]
}
