{
  "name": "io.macaw.feature.cambium.ptp.rx.level.monitoring",
  "sourceMechanism": "SNMP",
  "collection-target": {
    "service-name": "generic-snmp-service",
    "service-namespace": "io.macaw.services",
    "target-api": "getFeature",
    "argTypes": [
      "java.lang.String",
      "java.lang.String",
      "java.lang.String",
      "io.macaw.snmp.DeviceKey",
      "java.lang.String",
      "[Ljava.util.Map;",
      "java.util.Map"
    ],
    "args": [
      "__ENV_ID__",
      "__DEVICE_TARGET__",
      "__CREDENTIAL_ID__",
      "__DEVICE_PACKAGE_KEY__",
      "ReceiveLevelStatus",
      "__INDEXES__",
      "__PROPERTY_MAP__"
    ],
    "is-component": true,
    "component-type": "device-rx-level",
    "component-label-field": "label",
    "fqn-fields": [
      {
        "label": "physicalEntity"
      }
    ]
  },
  "data-handlers": [
    {
      "id": "io.macaw.feature.cambium.ptp.rx.level.monitoring.metric",
      "post-collection-type": "custom-script",
      "post-collection-handler": "cambium_rxlevel.js",
      "table-bindings": {
        "database-name": "MetricFamily",
        "measurement": "metric",
        "field-bindings": [
          {
            "rxlevel": "metricValue"
          }
        ],
        "tag-bindings": [
          {
            "metricName": "metricName"
          }
        ]
      }
    }
  ]
}