{
  "device-key": [
    {
      "vendor": "Ubiquiti",
      "osType": "airOS",
      "model": "*",
      "family": "BackHaul",
      "version": "*"
    }
  ],
  "feature-entities": {
    "ThroughPutCapacity": {
      "entityType": "VECTOR",
      "properties": [],
      "queries": [
        {
          "name": "ThroughPutCapacity",
          "queryType": "TABLE",
          "fields": [
            {
              "description": "Radio Receive Throughput Capacity (bits/sec)",
              "name": "rxCapacity",
              "oid": ".1.3.6.1.4.1.41112.1.3.2.1.5",
              "type": "int32"
            },
            {
              "description": "Radio Transmit Throughput Capacity (bits/sec)",
              "name": "txCapacity",
              "oid": ".1.3.6.1.4.1.41112.1.3.2.1.6",
              "type": "int32"
            }
          ]
        }
      ],
      "computation": {
        "scriptName": "Ubiquiti-AirFiber-Radio-Throughput.js"
      }
    },
    "radioStatus": {
      "entityType": "VECTOR",
      "properties": [],
      "queries": [
        {
          "name": "radioStatus",
          "queryType": "TABLE",
          "fields": [
            {
              "description": "Radio Link State",
              "name": "radioLinkState",
              "oid": ".1.3.6.1.4.1.41112.1.3.2.1.26",
              "type": "int32"
            },
            {
              "description": "Radio Link Connection Information",
              "name": "radioLinkInfo",
              "oid": ".1.3.6.1.4.1.41112.1.3.2.1.42",
              "type": "int32"
            },
            {
              "description": "Radio Link uptime (seconds)",
              "name": "linkUpTime",
              "oid": ".1.3.6.1.4.1.41112.1.3.2.1.44",
              "type": "int32"
            }
          ]
        }
      ],
      "computation": {
        "scriptName": "Ubiquiti-AirFiber-Radio-Status.js"
      }
    },
    "TemperatureInventory": {
      "entityType": "VECTOR",
      "properties": [],
      "queries": [
        {
          "name": "radioTemp",
          "queryType": "TABLE",
          "fields": [
            {
              "description": "Radio Chain 0 DAC Temperature (C)",
              "name": "radio0TempC",
              "oid": ".1.3.6.1.4.1.41112.1.3.2.1.8",
              "type": "int32"
            },
            {
              "description": "Radio Chain 1 DAC Temperature (C)",
              "name": "radio1TempC",
              "oid": ".1.3.6.1.4.1.41112.1.3.2.1.10",
              "type": "int32"
            }
          ]
        }
      ],
      "computation": {
        "scriptName": "Ubiquiti-AirFiber-Radio-Temperature.js"
      }
    },
    "airFiberStatistics": {
      "entityType": "VECTOR",
      "properties": [],
      "queries": [
        {
          "name": "airFiberStatistics",
          "queryType": "TABLE",
          "fields": [
            {
              "description": "Eth Data Port CRC Errors",
              "name": "rxFrameCrcErr",
              "oid": ".1.3.6.1.4.1.41112.1.3.3.1.4",
              "type": "int32"
            },
            {
              "description": "Eth Data Port Receive Alignment Errors",
              "name": "rxAlignErr",
              "oid": ".1.3.6.1.4.1.41112.1.3.3.1.5",
              "type": "int32"
            },
            {
              "description": "Eth Data Port Bad Frames Received",
              "name": "rxErroredFrames",
              "oid": ".1.3.6.1.4.1.41112.1.3.3.1.10",
              "type": "int32"
            },
            {
              "description": "Eth Data Port Bad Frames Transmitted",
              "name": "txErroredFrames",
              "oid": ".1.3.6.1.4.1.41112.1.3.3.1.11",
              "type": "int32"
            },
            {
              "description": "Eth Data Port Dropped MAC Receive Errors",
              "name": "rxDroppedMacErrFrames",
              "oid": ".1.3.6.1.4.1.41112.1.3.3.1.18",
              "type": "int32"
            },
            {
              "description": "Eth Data Port Over Max Length Frames Received",
              "name": "rxOverLengthFrames",
              "oid": ".1.3.6.1.4.1.41112.1.3.3.1.22",
              "type": "int32"
            },
            {
              "description": "Eth Data Port Too Long Frame CRC Errors Received",
              "name": "rxTooLongFrameCrcErr",
              "oid": ".1.3.6.1.4.1.41112.1.3.3.1.30",
              "type": "int32"
            },
            {
              "description": "Eth Data Port Too Short Frame CRC Errors Received",
              "name": "rxTooShortFrameCrcErr",
              "oid": ".1.3.6.1.4.1.41112.1.3.3.1.31",
              "type": "int32"
            }
          ]
        }
      ],
      "computation": {
        "scriptName": "Ubiquiti-AirFiber-Statistics.js"
      }
    },
    "PacketCount": {
      "entityType": "VECTOR",
      "properties": [],
      "queries": [
        {
          "name": "PacketCount",
          "queryType": "TABLE",
          "fields": [
            {
              "description": "RF Total Packets Transmitted",
              "name": "txpktsAll",
              "oid": ".1.3.6.1.4.1.41112.1.3.3.1.65",
              "type": "int32"
            },
            {
              "description": "RF Total Packets Received",
              "name": "rxpktsAll",
              "oid": ".1.3.6.1.4.1.41112.1.3.3.1.67",
              "type": "int32"
            }
          ]
        }
      ],
      "computation": {
        "scriptName": "Ubiquiti-AirFiber-Radio-PacketCount.js"
      }
    },
    "MemoryPoolStats": {
      "entityType": "SCALAR",
      "properties": [],
      "queries": [
        {
          "name": "Memory",
          "queryType": "GET",
          "fields": [
            {
              "description": "Memory Total",
              "name": "MemTotal",
              "oid": ".1.3.6.1.4.1.10002.1.1.1.1.1.0",
              "type": "int32"
            },
            {
              "description": "Memory Free",
              "name": "MemFree",
              "oid": ".1.3.6.1.4.1.10002.1.1.1.1.2.0",
              "type": "int32"
            }
          ]
        }
      ],
      "computation": {
        "scriptName": "Ubiquiti-AirFiber-Memory.js"
      }
    },
    "CPUInventory": {
      "entityType": "VECTOR",
      "properties": [],
      "queries": [
        {
          "name": "CPUInventory",
          "queryType": "TABLE",
          "fields": [
            {
              "description": "CPU description",
              "name": "CPUMetricDescr",
              "oid": ".1.3.6.1.4.1.10002.1.1.1.4.2.1.2",
              "type": "int32"
            },
            {
              "description": "CPU Utilization value",
              "name": "CPUMetricValue",
              "oid": ".1.3.6.1.4.1.10002.1.1.1.4.2.1.3",
              "type": "int32"
            }
          ]
        }
      ],
      "computation": {
        "scriptName": "Ubiquiti-AirFiber-CpuInv.js"
      }
    },
    "CPUMonitoring": {
      "entityType": "VECTOR",
      "properties": [],
      "queries": [
        {
          "name": "CPUInventory",
          "queryType": "TABLE",
          "fields": [
            {
              "description": "CPU description",
              "name": "CPUMetricDescr",
              "oid": ".1.3.6.1.4.1.10002.1.1.1.4.2.1.2",
              "type": "int32"
            },
            {
              "description": "CPU Utilization value",
              "name": "CPUMetricValue",
              "oid": ".1.3.6.1.4.1.10002.1.1.1.4.2.1.3",
              "type": "int32"
            }
          ]
        }
      ],
      "computation": {
        "scriptName": "Ubiquiti-AirFiber-CpuInv.js"
      }
    }
  }
}