{
  "name": "io.macaw.feature.generic.device.interface.trunk.inventory",
  "sourceMechanism": "SNMP",
  "collection-target": {
    "service-name": "generic-snmp-service",
    "service-namespace": "io.macaw.services",
    "target-api": "getFeature",
    "argTypes": [
      "java.lang.String",
      "java.lang.String",
      "java.lang.String",
      "io.macaw.snmp.DeviceKey",
      "java.lang.String",
      "[Ljava.util.Map;",
      "java.util.Map"
    ],
    "is-component": true,
    "component-type": "device-interface",
    "component-label-field": "ifName",
    "args": [
      "__ENV_ID__",
      "__DEVICE_TARGET__",
      "__CREDENTIAL_ID__",
      "__DEVICE_PACKAGE_KEY__",
      "InterfaceInventory",
      "__INDEXES__",
      "__PROPERTY_MAP__"
    ]
  },
  "data-handlers": [
    {
      "id": "interface-inventory",
      "post-collection-type": "data-persistence",
      "component-definition": {
        "component-info-fields": [
          {
            "ifIndex": "ifIndex",
            "ifDescr": "ifDescr",
            "ifName": "ifName",
            "ifType": "ifType",
            "ifSpeed": "ifSpeed",
            "ifAdminStatus": "ifAdminStatus",
            "ifOperStatus": "ifOperStatus",
            "ifMtu": "ifMtu",
            "ifPhysAddress": "ifPhysAddress",
            "ifAdminStatusLabel": "ifAdminStatusLabel",
            "ifOperStatusLabel": "ifOperStatusLabel",
            "ifTypeLabel": "ifTypeLabel",
            "ifSpeedMbps": "ifSpeedMbps",
            "ifAlias": "ifAlias",
            "ifIpAddr": "ifIpAddr",
            "ifTrunking": "ifTrunking"
          }
        ],
        "fqn-fields": [
          {
            "ifIndex": "ifIndex"
          }
        ]
      }
    }
  ]
}