{
  "id": "a780bfba-31f3-410c-a06d-9f53d0634e27",
  "type": "DEVICE",
  "name": "Fortinet Fortigate_Clone",
  "description": "Monitors Fortigate firewall vital parameters",
  "vendor": "Fortinet",
  "osType": "*",
  "family": "Firewall",
  "protocol": "*",
  "customerId": "f9a9302c-b202-4ad8-97cd-40d93856c177",
  "customerLabel": "SNMP",
  "parentProfileId": "c0938d4a-3f0e-486b-a968-77801807fe12",
  "isDefault": false,
  "locked": false,
  "origin": "USER",
  "status": "ACTIVE",
  "createdBy": "admin@cloudfabrix.com",
  "createdAt": 1546855003219,
  "updatedBy": "admin@cloudfabrix.com",
  "updatedAt": 1546855003221,
  "features": [
    {
      "id": "io.macaw.feature.fortinet.fortigate.session.monitoring",
      "name": "IPV4 Sessions monitoring",
      "type": "monitoring",
      "enabled": true,
      "schedule": "sys_every_5_minutes",
      "scheduleLabel": "Every 5 minutes",
      "metrics": [
        {
          "id": "io.macaw.feature.fortinet.fortigate.session.monitoring.metric.sessions",
          "name": "Sessions IPV4",
          "enabled": true,
          "alerts": [
            {
              "id": "io.macaw.feature.fortinet.fortigate.session.monitoring.metric.sessions.alert",
              "name": "IPV4 Sessions Monitoring",
              "type": "IPV4 Session",
              "category": "IPV4",
              "clazz": "threshold",
              "enabled": true,
              "criteria": [
                {
                  "active": "(function() { switch (${model}) { case \"FGT_60C\": data.scriptOutputs.put(\"actualWaterMarkValue\", 400000); return ${utilization} > 400000; case \"FGT_60D\": data.scriptOutputs.put(\"actualWaterMarkValue\", 500000); return ${utilization} > 500000; case \"FWF_60D\": data.scriptOutputs.put(\"actualWaterMarkValue\", 500000); return ${utilization} > 500000; case \"FGT_140D\": data.scriptOutputs.put(\"actualWaterMarkValue\", 2000000); return ${utilization} > 2000000; case \"FGT_60D_POE\": data.scriptOutputs.put(\"actualWaterMarkValue\", 500000); return ${utilization} > 500000; case \"FGT_60E\": data.scriptOutputs.put(\"actualWaterMarkValue\", 1300000); return ${utilization} > 1300000; case \"FGT_1000C\": data.scriptOutputs.put(\"actualWaterMarkValue\", 7000000); return ${utilization} > 7000000; default: data.scriptOutputs.put(\"actualWaterMarkValue\", ${highWaterMarkValue}); return ${utilization} > ${highWaterMarkValue}; } })()",
                  "clear": "(function() { switch (${model}) { case \"FGT_60C\": data.scriptOutputs.put(\"actualWaterMarkValue\", 360000); return ${utilization} < 360000; case \"FGT_60D\": data.scriptOutputs.put(\"actualWaterMarkValue\", 450000); return ${utilization} < 450000; case \"FWF_60D\": data.scriptOutputs.put(\"actualWaterMarkValue\", 450000); return ${utilization} < 450000; case \"FGT_140D\": data.scriptOutputs.put(\"actualWaterMarkValue\", 1800000); return ${utilization} < 1800000; case \"FGT_60D_POE\": data.scriptOutputs.put(\"actualWaterMarkValue\", 450000); return ${utilization} < 450000; case \"FGT_60E\": data.scriptOutputs.put(\"actualWaterMarkValue\", 1170000); return ${utilization} < 1170000; case \"FGT_1000C\": data.scriptOutputs.put(\"actualWaterMarkValue\", 6300000); return ${utilization} < 6300000; default: data.scriptOutputs.put(\"actualWaterMarkValue\", ${lowWaterMarkValue}); return ${utilization} < ${lowWaterMarkValue}; } })()",
                  "highWaterMarkLabel": "IPV4 session count Exceeds",
                  "lowWaterMarkLabel": "IPV4 session count Falls Bellow",
                  "highWaterMarkValue": 8000000,
                  "lowWaterMarkValue": 7200000,
                  "severity": "MAJOR",
                  "minimumOccurrence": 3,
                  "message": "IPV4 Session count for ${model} model is [${utilization}] exceeded configured value ${actualWaterMarkValue}"
                }
              ]
            }
          ]
        }
      ]
    },
    {
      "id": "io.macaw.feature.fortinet.fortigate.session.inventory",
      "name": "IPV4 Sessions inventory",
      "type": "inventory",
      "enabled": true,
      "schedule": "sys_every_1_hr",
      "scheduleLabel": "Every 1 hour"
    },
    {
      "id": "device-package-cpu-monitoring",
      "name": "CPU Monitoring",
      "type": "monitoring",
      "enabled": true,
      "schedule": "sys_every_5_minutes",
      "scheduleLabel": "Every 5 minutes",
      "metrics": [
        {
          "id": "device-package-cpu-monitoring-utilization",
          "name": "CPU Utilization(%)",
          "enabled": true,
          "alerts": [
            {
              "id": "device_package_cpu_monitoring_utilization_alert",
              "name": "CPU Utilization",
              "type": "CPU Utilization",
              "category": "CPU",
              "clazz": "threshold",
              "enabled": true,
              "criteria": [
                {
                  "active": "${utilization}>${highWaterMarkValue}",
                  "clear": "${utilization}<${lowWaterMarkValue}",
                  "highWaterMarkLabel": "CPU Utilization Exceeds",
                  "lowWaterMarkLabel": "CPU Utilization Falls below",
                  "highWaterMarkValue": 90,
                  "lowWaterMarkValue": 85,
                  "severity": "MAJOR",
                  "minimumOccurrence": 3,
                  "message": "${name} Utilization [${utilization}%] exceeded configured value ${highWaterMarkValue}%"
                }
              ]
            }
          ]
        }
      ]
    },
    {
      "id": "device-package-cpu-inventory",
      "name": "CPU Inventory",
      "type": "inventory",
      "enabled": true,
      "schedule": "sys_every_1_hr",
      "scheduleLabel": "Every 1 hour"
    },
    {
      "id": "device-package-memory-inventory-generic",
      "name": "Memory Inventory",
      "type": "inventory",
      "enabled": true,
      "schedule": "sys_every_1_hr",
      "scheduleLabel": "Every 1 hour"
    },
    {
      "id": "device-package-memory-monitoring-generic",
      "name": "Memory Monitoring",
      "type": "monitoring",
      "enabled": true,
      "schedule": "sys_every_5_minutes",
      "scheduleLabel": "Every 5 minutes",
      "metrics": [
        {
          "id": "device-package-memory-monitoring-generic-utilization",
          "name": "Memory Usage Monitoring",
          "enabled": true,
          "alerts": [
            {
              "id": "device_package_memory_monitoring_generic_utilization_alert",
              "name": "Memory Utilization Alert",
              "type": "Memory Utilization",
              "category": "Memory",
              "clazz": "threshold",
              "enabled": true,
              "criteria": [
                {
                  "active": "${utilization} > ${highWaterMarkValue}",
                  "clear": "${utilization} < ${lowWaterMarkValue}",
                  "highWaterMarkLabel": "Memory Utilization Exceeds",
                  "lowWaterMarkLabel": "Memory Utilization Falls below",
                  "highWaterMarkValue": 90,
                  "lowWaterMarkValue": 80,
                  "severity": "MAJOR",
                  "minimumOccurrence": 3,
                  "message": "${name} usage [${utilization}%] exceeded configured value ${highWaterMarkValue}%"
                }
              ]
            }
          ]
        }
      ]
    },
    {
      "id": "device-package-disk-partition-inventory",
      "name": "Disk Inventory",
      "type": "inventory",
      "enabled": true,
      "schedule": "sys_every_1_hr",
      "scheduleLabel": "Every 1 hour"
    },
    {
      "id": "device-package-disk-partition-monitoring",
      "name": "Disk  Monitoring",
      "type": "monitoring",
      "enabled": true,
      "schedule": "sys_every_5_minutes",
      "scheduleLabel": "Every 5 minutes",
      "metrics": [
        {
          "id": "device-package-disk-partition-monitoring-utilization",
          "name": "Disk  Utilization(%)",
          "enabled": true,
          "alerts": [
            {
              "id": "device_package_disk_partition_monitoring_utilization_alert",
              "name": "Disk Partition Utilization",
              "type": "Disk Partition",
              "category": "Disk Partition",
              "clazz": "threshold",
              "enabled": true,
              "criteria": [
                {
                  "active": "${utilization}>${highWaterMarkValue}",
                  "clear": "${utilization}< ${lowWaterMarkValue}",
                  "highWaterMarkLabel": "Disk Utilization Exceeds",
                  "lowWaterMarkLabel": "Disk Utilization Falls below",
                  "highWaterMarkValue": 90,
                  "lowWaterMarkValue": 85,
                  "severity": "MAJOR",
                  "minimumOccurrence": 3,
                  "message": "Disk Partition ${component} Utilization [${utilization}%] exceeded configured value ${highWaterMarkValue}%"
                }
              ]
            }
          ]
        }
      ]
    },
    {
      "id": "io.macaw.feature.device_interface_inventory",
      "name": "Interface Inventory",
      "type": "inventory",
      "enabled": true,
      "schedule": "sys_every_1_hr",
      "scheduleLabel": "Every 1 hour"
    },
    {
      "id": "io.macaw.feature.device_interface_monitoring",
      "name": "Interface Monitoring",
      "type": "monitoring",
      "enabled": true,
      "schedule": "sys_every_5_minutes",
      "scheduleLabel": "Every 5 minutes",
      "contextType": "Interface",
      "contextId": "UP-Interfaces",
      "metrics": [
        {
          "id": "io.macaw.feature.device_interface_monitoring.metric.packetdrops",
          "name": "Interface Packet Drops",
          "enabled": true,
          "alerts": [
            {
              "id": "io.macaw.feature.device_interface_monitoring.metric.packetdrops.totalErrors.alert",
              "name": "Interface Packet Errors(%)",
              "type": "Interface Packet Errors(%)",
              "category": "Interface",
              "clazz": "threshold",
              "enabled": false,
              "criteria": [
                {
                  "active": "(${totalIfErrorsPercent} > ${highWaterMarkValue})",
                  "clear": "",
                  "highWaterMarkPercent": 0.0,
                  "lowWaterMarkPercent": 0.0,
                  "highWaterMarkValue": 30.0,
                  "lowWaterMarkValue": 0.0,
                  "severity": "MAJOR",
                  "minimumOccurrence": 1,
                  "message": "Interface \"${ifDescr}\" packet errors[${totalIfErrorsPercent}%] exceeded configured value ${highWaterMarkValue}%"
                }
              ]
            },
            {
              "id": "io.macaw.feature.device_interface_monitoring.metric.packetdrops.totalDiscards.alert",
              "name": "Interface Packet Discards(%)",
              "type": "Interface Packet Discards(%)",
              "category": "Interface",
              "clazz": "threshold",
              "enabled": false,
              "criteria": [
                {
                  "active": "(${totalIfDiscardsPercent}  > ${highWaterMarkValue})",
                  "clear": "",
                  "highWaterMarkPercent": 0.0,
                  "lowWaterMarkPercent": 0.0,
                  "highWaterMarkValue": 30.0,
                  "lowWaterMarkValue": 0.0,
                  "severity": "MAJOR",
                  "minimumOccurrence": 1,
                  "message": "Interface \"${ifDescr}\" packet discards[${totalIfDiscardsPercent}%] exceeded configured value ${highWaterMarkValue}%"
                }
              ]
            }
          ]
        },
        {
          "id": "io.macaw.feature.device_interface_monitoring.metric.utilization",
          "name": "Interface In Bits Utilization(%)",
          "enabled": true,
          "alerts": [
            {
              "id": "io.macaw.feature.device_interface_monitoring.metric.utilizationIn.alert",
              "name": "Interface In Bit Utilization",
              "type": "Interface In Bit Utilization",
              "category": "Interface",
              "clazz": "threshold",
              "enabled": true,
              "criteria": [
                {
                  "active": "${utilizationIn} > ${highWaterMarkValue}",
                  "clear": "${utilizationIn} < ${lowWaterMarkValue}",
                  "highWaterMarkPercent": 0.0,
                  "lowWaterMarkPercent": 0.0,
                  "highWaterMarkValue": 90.0,
                  "lowWaterMarkValue": 80.0,
                  "severity": "MAJOR",
                  "minimumOccurrence": 3,
                  "message": "Interface \"${ifDescr}\" In Bit utilization [${utilizationIn}%] exceeded configured threshold ${highWaterMarkValue}%"
                }
              ]
            },
            {
              "id": "io.macaw.feature.device_interface_monitoring.metric.utilizationOut.alert",
              "name": "Interface Out Bit Utilization",
              "type": "Interface Out Bit Utilization",
              "category": "Interface",
              "clazz": "threshold",
              "enabled": true,
              "criteria": [
                {
                  "active": "${utilizationOut} > ${highWaterMarkValue}",
                  "clear": "${utilizationOut} < ${lowWaterMarkValue}",
                  "highWaterMarkPercent": 0.0,
                  "lowWaterMarkPercent": 0.0,
                  "highWaterMarkValue": 90.0,
                  "lowWaterMarkValue": 80.0,
                  "severity": "MAJOR",
                  "minimumOccurrence": 3,
                  "message": "Interface \"${ifDescr}\" Out Bit utilization [${utilizationOut}%] exceeded configured threshold ${highWaterMarkValue}%"
                }
              ]
            }
          ]
        },
        {
          "id": "io.macaw.feature.device_interface_monitoring.metric.operStatus",
          "name": "Interface Operational State",
          "enabled": true,
          "alerts": [
            {
              "id": "io.macaw.feature.device_interface_monitoring.metric.operStatus.alert",
              "name": "Interface Operational State",
              "type": "Interface Operational State",
              "category": "Interface",
              "clazz": "threshold",
              "enabled": true,
              "criteria": [
                {
                  "active": "${ifOperStatus} != ${highWaterMarkValue}",
                  "clear": "${ifOperStatus} == ${highWaterMarkValue}",
                  "highWaterMarkPercent": 0.0,
                  "lowWaterMarkPercent": 0.0,
                  "highWaterMarkValue": 1.0,
                  "lowWaterMarkValue": 1.0,
                  "severity": "MAJOR",
                  "minimumOccurrence": 3,
                  "message": "Interface \"${ifDescr}\" is down"
                }
              ]
            }
          ]
        }
      ]
    },
    {
      "id": "io.macaw.feature.device_info_inventory",
      "name": "System information",
      "type": "inventory",
      "enabled": true,
      "schedule": "sys_every_1_hr",
      "scheduleLabel": "Every 1 hour"
    },
    {
      "id": "io.macaw.feature.fortinet.fortigate.software.info",
      "name": "Software Inventory",
      "type": "inventory",
      "enabled": true,
      "schedule": "sys_every_1_hr",
      "scheduleLabel": "Every 1 hour"
    },
    {
      "id": "io.macaw.feature.fortinet.fortigate.idtable.inventory",
      "name": "UTM Inventory",
      "type": "inventory",
      "enabled": true,
      "schedule": "sys_every_1_hr",
      "scheduleLabel": "Every 1 hour"
    },
    {
      "id": "io.macaw.feature.fortinet.fortigate.idtable.monitoring",
      "name": "UTM Monitoring",
      "type": "monitoring",
      "enabled": true,
      "schedule": "sys_every_5_minutes",
      "scheduleLabel": "Every 5 minutes",
      "metrics": [
        {
          "id": "io.macaw.feature.fortinet.fortigate.idtable.monitoring.metric.ids",
          "name": "UTM  Intrusions detected",
          "enabled": true,
          "alerts": [
            {
              "id": "io.macaw.feature.fortinet.fortigate.idtable.monitoring.metric.ids.alert",
              "name": "Intrusion Detection Utilization",
              "type": "Intrusion Detection",
              "category": "Intrusion Detection",
              "clazz": "threshold",
              "enabled": true,
              "criteria": [
                {
                  "active": "${utilization} > ${highWaterMarkValue}",
                  "clear": "${utilization} == ${lowWaterMarkValue}",
                  "highWaterMarkLabel": "Intrusion detection count Exceeds",
                  "lowWaterMarkLabel": "Intrusion detection count Falls Bellow",
                  "highWaterMarkValue": 1,
                  "lowWaterMarkValue": 0,
                  "severity": "MAJOR",
                  "minimumOccurrence": 1,
                  "message": "Intrusion detection count [${utilization}] exceeded configured value ${highWaterMarkValue}"
                }
              ]
            }
          ]
        }
      ]
    },
    {
      "id": "io.macaw.feature.icmp_device_availability",
      "name": "ICMP Device Availability",
      "type": "reachability",
      "enabled": true,
      "schedule": "sys_every_1_minute",
      "scheduleLabel": "Every 1 minute",
      "metrics": [
        {
          "id": "io.macaw.feature.icmp_device_availability.metric.reachability",
          "name": "ICMP Device Reachability(%)",
          "enabled": true
        }
      ]
    },
    {
      "id": "io.macaw.feature.device_availability",
      "name": "Device Availability",
      "type": "reachability",
      "enabled": true,
      "schedule": "sys_every_3_minutes",
      "scheduleLabel": "Every 3 minutes",
      "metrics": [
        {
          "id": "io.macaw.feature.device_avalability.metric.availability_percent",
          "name": "Device Availability(%)",
          "enabled": true
        },
        {
          "id": "io.macaw.feature.device_avalability.metric.reachability_percent",
          "name": "SNMP Device Reachability(%)",
          "enabled": true,
          "alerts": [
            {
              "id": "io.macaw.feature.brocade_device_availability.metric.reachability_percent.alert",
              "name": "SNMP Device Reachability(%)",
              "type": "SNMP Device Reachability(%)",
              "category": "Device",
              "clazz": "threshold",
              "enabled": true,
              "criteria": [
                {
                  "active": "${reachabilityStatus} != ${highWaterMarkValue}",
                  "clear": "${reachabilityStatus} == ${highWaterMarkValue}",
                  "highWaterMarkPercent": 0,
                  "lowWaterMarkPercent": 0,
                  "highWaterMarkValue": 100,
                  "lowWaterMarkValue": 0,
                  "severity": "CRITICAL",
                  "minimumOccurrence": 3,
                  "message": "Device is unreachable via SNMP"
                }
              ]
            }
          ]
        }
      ]
    },
    {
      "id": "io.macaw.feature.interface.management",
      "name": "Interface Management",
      "type": "monitoring",
      "enabled": true,
      "schedule": "sys_every_4_hours",
      "scheduleLabel": "Every 4 hours",
      "contextType": "Interface",
      "contextId": "Managed-Interfaces-NonCDP"
    }
  ]
}