{
  "name": "io.macaw.ubiquiti.airfiber.radio.throuhput.capacity.monitoring",
  "sourceMechanism": "SNMP",
  "collection-target": {
    "service-name": "generic-snmp-service",
    "service-namespace": "io.macaw.services",
    "target-api": "getFeature",
    "argTypes": [
      "java.lang.String",
      "java.lang.String",
      "java.lang.String",
      "io.macaw.snmp.DeviceKey",
      "java.lang.String",
      "[Ljava.util.Map;",
      "java.util.Map"
    ],
    "args": [
      "__ENV_ID__",
      "__DEVICE_TARGET__",
      "__CREDENTIAL_ID__",
      "__DEVICE_PACKAGE_KEY__",
      "ThroughPutCapacity",
      "__INDEXES__",
      "__PROPERTY_MAP__"
    ],
    "is-component": true,
    "component-type": "device-radio-throughput",
    "component-label-field": "label",
    "fqn-fields": [
          {
            "index": "index"
          }
        ]
  },
  "data-handlers": [  {
      "id": "io.macaw.ubiquiti.airfiber.radio.throuhput.capacity.monitoring.metric",
      "post-collection-type": "custom-script",
	  "post-collection-handler": "airfiber_throughput.js",
       "table-bindings": {
        "database-name": "MetricFamily",
        "measurement": "metric",
        "field-bindings": [
          {
            "metricValue": "metricValue"
          }
        ],
        "tag-bindings": [
          {
	        "metricName": "metricName"
          }
        ]
      }
    }]
}