{
  "name": "io.macaw.feature.ubiquiti.airfiber.availability.monitoring",
  "sourceMechanism": "SNMP",
  "collection-target": {
    "service-name": "generic-snmp-service",
    "service-namespace": "io.macaw.services",
    "target-api": "getFeature",
    "argTypes": [
      "java.lang.String",
      "java.lang.String",
      "java.lang.String",
      "io.macaw.snmp.DeviceKey",
      "java.lang.String",
      "[Ljava.util.Map;",
      "java.util.Map"
    ],
    "args": [
      "__ENV_ID__",
      "__DEVICE_TARGET__",
      "__CREDENTIAL_ID__",
      "__DEVICE_PACKAGE_KEY__",
      "radioStatus",
      "__INDEXES__",
      "__PROPERTY_MAP__"
    ],
    "is-component": true,
    "component-type": "device-radio",
    "component-label-field": "radioName",
    "fqn-fields": [
      {
        "radioName": "physicalEntity"
      }
    ]
  },
  "data-handlers": [
    {
      "id": "io.macaw.feature.ubiquiti.airfiber.availability.monitoring.metric.availability.percent",
      "post-collection-type": "custom-script",
      "post-collection-handler": "airfiber_availability.js",
      "table-bindings": {
        "database-name": "MetricFamily",
        "measurement": "metric",
        "field-bindings": [
          {
            "linkUpTime": "metricValue"
          }
        ],
        "tag-bindings": [
          {
            "metricNameLUT": "metricName"
          }
        ]
      }
    },
    {
      "id": "io.macaw.feature.ubiquiti.airfiber.availability.monitoring.metric.state",
      "post-collection-type": "custom-script",
      "post-collection-handler": "airfiber_reachability.js",
      "table-bindings": {
        "database-name": "MetricFamily",
        "measurement": "metric",
        "field-bindings": [
          {
            "RadioLinkState": "metricValue"
          }
        ],
        "tag-bindings": [
          {
            "metricNameRLS": "metricName"
          }
        ]
      }
    },
    {
      "id": "io.macaw.feature.ubiquiti.airfiber.availability.monitoring.metric.radio.link.info.metric.monitoring",
      "post-collection-type": "custom-script",
      "post-collection-handler": "airfiber_operational.js",
      "table-bindings": {
        "database-name": "MetricFamily",
        "measurement": "metric",
        "field-bindings": [
          {
            "radioLinkInfo": "metricValue"
          }
        ],
        "tag-bindings": [
          {
            "metricNameRLI": "metricName"
          }
        ]
      }
    }
  ]
}