{
	"name": "io.macaw.ubiquiti.airfiber.statistics.errors.monitoring",
	"sourceMechanism": "SNMP",
	"collection-target": {
		"service-name": "generic-snmp-service",
		"service-namespace": "io.macaw.services",
		"target-api": "getFeature",
		"argTypes": [
			"java.lang.String",
			"java.lang.String",
			"java.lang.String",
			"io.macaw.snmp.DeviceKey",
			"java.lang.String",
			"[Ljava.util.Map;",
			"java.util.Map"
		],
		"args": [
			"__ENV_ID__",
			"__DEVICE_TARGET__",
			"__CREDENTIAL_ID__",
			"__DEVICE_PACKAGE_KEY__",
			"airFiberStatistics",
			"__INDEXES__",
			"__PROPERTY_MAP__"
		],
		"is-component": true,
		"is-cache-required" : true,
		"component-type": "device-errors",
		"component-label-field": "componentId",
		"fqn-fields": [
		{
			"componentId":"componentId"
		}
        ] 
	},
	"data-handlers": [{
			"id": "io.macaw.ubiquiti.airfiber.statistics.errors.crc.metric.monitoring",
			"post-collection-type": "custom-script",
			"post-collection-handler": "rxFrameCrcErr.js",
			"table-bindings": {
				"database-name": "MetricFamily",
				"measurement": "metric",
				"field-bindings": [{
					"rxFrameCrcErr": "metricValue"
				}],
				"tag-bindings": [{
					"metricName": "metricName"
				}]
			}
		},
		{
			"id": "io.macaw.ubiquiti.airfiber.statistics.errors.AlignErr.metric.monitoring",
			"post-collection-type": "custom-script",
			"post-collection-handler": "rxAlignErr.js",
			"table-bindings": {
				"database-name": "MetricFamily",
				"measurement": "metric",
				"field-bindings": [{
					"rxAlignErr": "metricValue"
				}],
				"tag-bindings": [{
					"metricName": "metricName"
				}]
			}
		},
		{
			"id": "io.macaw.ubiquiti.airfiber.statistics.errors.rxerroredframes.metric.monitoring",
			"post-collection-type": "custom-script",
			"post-collection-handler": "rxErroredFrames.js",
			"table-bindings": {
				"database-name": "MetricFamily",
				"measurement": "metric",
				"field-bindings": [{
					"rxErroredFrames": "metricValue"
				}],
				"tag-bindings": [{
					"metricName": "metricName"
				}]
			}
		},
		{
			"id": "io.macaw.ubiquiti.airfiber.statistics.errors.txerroredframes.metric.monitoring",
			"post-collection-type": "custom-script",
			"post-collection-handler": "txErroredFrames.js",
			"table-bindings": {
				"database-name": "MetricFamily",
				"measurement": "metric",
				"field-bindings": [{
					"txErroredFrames": "metricValue"
				}],
				"tag-bindings": [{
					"metricName": "metricName"
				}]
			}
		},
		{
			"id": "io.macaw.ubiquiti.airfiber.statistics.errors.rxdroppedmacerrframes.metric.monitoring",
			"post-collection-type": "custom-script",
			"post-collection-handler": "rxDroppedMacErrFrames.js",
			"table-bindings": {
				"database-name": "MetricFamily",
				"measurement": "metric",
				"field-bindings": [{
					"rxDroppedMacErrFrames": "metricValue"
				}],
				"tag-bindings": [{
					"metricName": "metricName"
				}]
			}
		},
		{
			"id": "io.macaw.ubiquiti.airfiber.statistics.errors.rxoverlengthframes.metric.monitoring",
			"post-collection-type": "custom-script",
			"post-collection-handler": "rxOverLengthFrames.js",
			"table-bindings": {
				"database-name": "MetricFamily",
				"measurement": "metric",
				"field-bindings": [{
					"rxOverLengthFrames": "metricValue"
				}],
				"tag-bindings": [{
					"metricName": "metricName"
				}]
			}
		},
		{
			"id": "io.macaw.ubiquiti.airfiber.statistics.errors.rxtoolongframecrcerr.metric.monitoring",
			"post-collection-type": "custom-script",
			"post-collection-handler": "rxTooLongFrameCrcErr.js",
			"table-bindings": {
				"database-name": "MetricFamily",
				"measurement": "metric",
				"field-bindings": [{
					"rxTooLongFrameCrcErr": "metricValue"
				}],
				"tag-bindings": [{
					"metricName": "metricName"
				}]
			}
		},
		{
			"id": "io.macaw.ubiquiti.airfiber.statistics.errors.rxtooshortframecrcerr.metric.monitoring",
			"post-collection-type": "custom-script",
			"post-collection-handler": "rxTooShortFrameCrcErr.js",
			"table-bindings": {
				"database-name": "MetricFamily",
				"measurement": "metric",
				"field-bindings": [{
					"rxTooShortFrameCrcErr": "metricValue"
				}],
				"tag-bindings": [{
					"metricName": "metricName"
				}]
			}
		}
	]
}
