{
  "device-key": [
    {
      "vendor": "Netonix",
      "osType": "*",
      "model": "WS-12-250",
      "version": "*",
      "family": "Switch"
    }
  ],
  "feature-entities": {
    "CPUMonitoring": {
      "entityType": "SCALAR",
      "properties": [],
      "queries": [
        {
          "name": "Cpu",
          "queryType": "GET",
          "fields": [
            {
              "description": "The percentage of processor time spent idle, calculated over the last minute. This object has been deprecated in favour of 'ssCpuRawIdle(53)', which can be used to calculate the same metric, but over any desired time period.",
              "name": "ssCpuIdle",
              "oid": "1.3.6.1.4.1.2021.11.11.0",
              "type": "int32"
            }
          ]
        }
      ],
      "computation": {
        "scriptName": "Netonix-Switch-Cpu.js"
      }
    },
    "CPUInventory": {
      "entityType": "SCALAR",
      "properties": [],
      "queries": [
        {
          "name": "Cpu",
          "queryType": "GET",
          "fields": [
            {
              "description": "The percentage of processor time spent idle, calculated over the last minute. This object has been deprecated in favour of 'ssCpuRawIdle(53)', which can be used to calculate the same metric, but over any desired time period.",
              "name": "ssCpuIdle",
              "oid": "1.3.6.1.4.1.2021.11.11.0",
              "type": "int32"
            }
          ]
        }
      ],
      "computation": {
        "scriptName": "Netonix-Switch-Cpu.js"
      }
    },
    "MemoryInventory": {
      "entityType": "SCALAR",
      "properties": [],
      "queries": [
        {
          "name": "MemoryReal",
          "queryType": "GET",
          "fields": [
            {
              "description": "The total amount of real/physical memory installed on this host.",
              "name": "memTotalReal",
              "oid": "1.3.6.1.4.1.2021.4.5.0",
              "type": "int32"
            },
            {
              "description": "The amount of real/physical memory currently unused or available.",
              "name": "memAvailReal",
              "oid": "1.3.6.1.4.1.2021.4.6.0",
              "type": "int32"
            }
          ]
        }
      ],
      "computation": {
        "scriptName": "Netonix-Switch-Memory.js"
      }
    },
    "MemoryMonitoring": {
      "entityType": "SCALAR",
      "properties": [],
      "queries": [
        {
          "name": "MemoryReal",
          "queryType": "GET",
          "fields": [
            {
              "description": "The total amount of real/physical memory installed on this host.",
              "name": "memTotalReal",
              "oid": "1.3.6.1.4.1.2021.4.5.0",
              "type": "int32"
            },
            {
              "description": "The amount of real/physical memory currently unused or available.",
              "name": "memAvailReal",
              "oid": "1.3.6.1.4.1.2021.4.6.0",
              "type": "int32"
            }
          ]
        }
      ],
      "computation": {
        "scriptName": "Netonix-Switch-Memory.js"
      }
    },
    "DiskMonitoring": {
      "entityType": "VECTOR",
      "properties": [],
      "queries": [
        {
          "name": "DiskTable",
          "queryType": "TABLE",
          "fields": [
            {
              "description": "Integer reference number (row number) for the disk mib.",
              "name": "dskIndex",
              "oid": "1.3.6.1.4.1.2021.9.1.1",
              "type": "int32"
            },
            {
              "description": "Path where the disk is mounted.",
              "name": "dskPath",
              "oid": "1.3.6.1.4.1.2021.9.1.2",
              "type": "int32"
            },
            {
              "description": "Path of the device for the partition",
              "name": "dskDevice",
              "oid": "1.3.6.1.4.1.2021.9.1.3",
              "type": "int32"
            },
            {
              "description": "Total size of the disk/partion (kBytes). For large disks (>2Tb), this value will latch at INT32_MAX (2147483647).",
              "name": "dskTotal",
              "oid": "1.3.6.1.4.1.2021.9.1.6",
              "type": "int32"
            },
            {
              "description": "Available space on the disk. For large lightly-used disks (>2Tb), this value will latch at INT32_MAX (2147483647).",
              "name": "dskAvail",
              "oid": "1.3.6.1.4.1.2021.9.1.7",
              "type": "int32"
            },
            {
              "description": "Used space on the disk. For large heavily-used disks (>2Tb), this value will latch at INT32_MAX (2147483647).",
              "name": "dskUsed",
              "oid": "1.3.6.1.4.1.2021.9.1.8",
              "type": "int32"
            },
            {
              "description": "Percentage of space used on disk",
              "name": "dskPercent",
              "oid": "1.3.6.1.4.1.2021.9.1.9",
              "type": "int32"
            },
            {
              "description": "Percentage of inodes used on disk",
              "name": "dskPercentNode",
              "oid": "1.3.6.1.4.1.2021.9.1.10",
              "type": "int32"
            }
          ]
        }
      ],
      "computation": {
        "scriptName": "Netonix-Switch-Disk.js"
      }
    },
    "DiskInventory": {
      "entityType": "VECTOR",
      "properties": [],
      "queries": [
        {
          "name": "DiskTable",
          "queryType": "TABLE",
          "fields": [
            {
              "description": "Integer reference number (row number) for the disk mib.",
              "name": "dskIndex",
              "oid": "1.3.6.1.4.1.2021.9.1.1",
              "type": "int32"
            },
            {
              "description": "Path where the disk is mounted.",
              "name": "dskPath",
              "oid": "1.3.6.1.4.1.2021.9.1.2",
              "type": "int32"
            },
            {
              "description": "Path of the device for the partition",
              "name": "dskDevice",
              "oid": "1.3.6.1.4.1.2021.9.1.3",
              "type": "int32"
            },
            {
              "description": "Total size of the disk/partion (kBytes). For large disks (>2Tb), this value will latch at INT32_MAX (2147483647).",
              "name": "dskTotal",
              "oid": "1.3.6.1.4.1.2021.9.1.6",
              "type": "int32"
            },
            {
              "description": "Available space on the disk. For large lightly-used disks (>2Tb), this value will latch at INT32_MAX (2147483647).",
              "name": "dskAvail",
              "oid": "1.3.6.1.4.1.2021.9.1.7",
              "type": "int32"
            },
            {
              "description": "Used space on the disk. For large heavily-used disks (>2Tb), this value will latch at INT32_MAX (2147483647).",
              "name": "dskUsed",
              "oid": "1.3.6.1.4.1.2021.9.1.8",
              "type": "int32"
            },
            {
              "description": "Percentage of space used on disk",
              "name": "dskPercent",
              "oid": "1.3.6.1.4.1.2021.9.1.9",
              "type": "int32"
            },
            {
              "description": "Percentage of inodes used on disk",
              "name": "dskPercentNode",
              "oid": "1.3.6.1.4.1.2021.9.1.10",
              "type": "int32"
            }
          ]
        }
      ],
      "computation": {
        "scriptName": "Netonix-Switch-Disk.js"
      }
    },
    "FanInventory": {
      "entityType": "VECTOR",
      "properties": [],
      "queries": [
        {
          "name": "fanTable",
          "queryType": "TABLE",
          "fields": [
            {
              "description": "Fan Index Number",
              "name": "fanIndex",
              "oid": "1.3.6.1.4.1.46242.2.1.1",
              "type": "int32"
            },
            {
              "description": "Speed (RPM) of the Fan",
              "name": "fanSpeed",
              "oid": "1.3.6.1.4.1.46242.2.1.2",
              "type": "int32"
            }
          ]
        }
      ],
      "computation": {
        "scriptName": "Netonix-Switch-Fan.js"
      }
    },
    "FanMonitoring": {
      "entityType": "VECTOR",
      "properties": [],
      "queries": [
        {
          "name": "fanTable",
          "queryType": "TABLE",
          "fields": [
            {
              "description": "Fan Index Number",
              "name": "fanIndex",
              "oid": "1.3.6.1.4.1.46242.2.1.1",
              "type": "int32"
            },
            {
              "description": "Speed (RPM) of the Fan",
              "name": "fanSpeed",
              "oid": "1.3.6.1.4.1.46242.2.1.2",
              "type": "int32"
            }
          ]
        }
      ],
      "computation": {
        "scriptName": "Netonix-Switch-Fan.js"
      }
    },
    "TemperatureInventory": {
      "entityType": "VECTOR",
      "properties": [],
      "queries": [
        {
          "name": "tempTable",
          "queryType": "TABLE",
          "fields": [
            {
              "description": "Temperature Sensor Index",
              "name": "tempIndex",
              "oid": "1.3.6.1.4.1.46242.3.1.1",
              "type": "int32"
            },
            {
              "description": "The current temperature measurement at this sensor",
              "name": "temp",
              "oid": "1.3.6.1.4.1.46242.3.1.3",
              "type": "int32"
            }
          ]
        }
      ],
      "computation": {
        "scriptName": "Netonix-Switch-Temperature.js"
      }
    },
    "Voltage": {
      "entityType": "VECTOR",
      "properties": [],
      "queries": [
        {
          "name": "voltageTable",
          "queryType": "TABLE",
          "fields": [
            {
              "description": "The current voltage measurement for this sensor",
              "name": "voltageSensorName",
              "oid": "1.3.6.1.4.1.46242.4.1.2",
              "type": "int32"
            },
            {
              "description": "The current voltage measurement for this sensor",
              "name": "voltage",
              "oid": "1.3.6.1.4.1.46242.4.1.3",
              "type": "int32"
            }
          ]
        }
      ],
      "computation": {
        "scriptName": "Netonix-Switch-Voltage.js"
      }
    }
  }
}