{
	"device-key": [{
		"vendor": "Fortinet",
		"model": "*",
		"osType": "*",
		"version": "*",
		"family":"Firewall" 
	}],
	"feature-entities": {
		"CPUInventory": {
			"entityType": "VECTOR",
			"properties": [],
			"queries": [{
				"name": "CPU",
				"queryType": "TABLE",
				"fields": [

					{
						"description": "Average Usage over 1 minute per Processor",
						"name": "fgProcessorUsage",
						"oid": ".1.3.6.1.4.1.12356.101.4.4.2.1.2",
						"type": "int32"
					}
				]
			}],
			"computation": {
				"scriptName": "Fortinet-Fortigate-CpuTable.js"
			}
		},
		"CPUMonitoring": {
			"entityType": "VECTOR",
			"properties": [],
			"queries": [{
				"name": "CPU",
				"queryType": "TABLE",
				"fields": [

					{
						"description": "Average Usage over 1 minute per Processor",
						"name": "fgProcessorUsage",
						"oid": ".1.3.6.1.4.1.12356.101.4.4.2.1.2",
						"type": "int32"
					}
				]
			}],
			"computation": {
				"scriptName": "Fortinet-Fortigate-CpuTable.js"
			}
		},
		"EnvMon": {
			"entityType": "SCALAR",
			"properties": [],
			"queries": [{
				"name": "EnvMon",
				"queryType": "GET",
				"fields": [
					{
						"description": "Device Model Name",
						"name": "entPhysicalModelName",
						"oid": ".1.3.6.1.2.1.47.1.1.1.1.13.1",
						"type": "int32"
					},
					{
						"description": "The firmware version of the fortigate firewall",
						"name": "fgSysVersion",
						"oid": ".1.3.6.1.4.1.12356.101.4.1.1.0",
						"type": "int32"
					},
					{
						"description": "Virus signature database version installed on the device",
						"name": "fgSysVersionAv",
						"oid": ".1.3.6.1.4.1.12356.101.4.2.1.0",
						"type": "int32"
					},
						{
						"description": "IPS signature database version installed on the device",
						"name": "fgSysVersionIps",
						"oid": ".1.3.6.1.4.1.12356.101.4.2.2.0",
						"type": "int32"
					}
				]
			}],
			"computation": {
				"scriptName": "Fortinet-Fortigate-EnvMon.js"
			}
		},
		"DiskInventory": {
			"entityType": "SCALAR",
			"properties": [],
			"queries": [{
				"name": "Disk",
				"queryType": "GET",
				"fields": [{
					"description": "Disk Capacity",
					"name": "fgSysDiskCapacity",
					"oid": ".1.3.6.1.4.1.12356.101.4.1.7.0",
					"type": "int32"
				}, {
					"description": "Disk Usage",
					"name": "fgSysDiskUsage",
					"oid": ".1.3.6.1.4.1.12356.101.4.1.6.0",
					"type": "int32"
				}]
			}],
			"computation": {
				"scriptName": "Fortinet-Fortigate-Disk1.js"
			}
		},
		"DiskMonitoring": {
			"entityType": "SCALAR",
			"properties": [],
			"queries": [{
				"name": "Disk",
				"queryType": "GET",
				"fields": [{
					"description": "Disk Capacity",
					"name": "fgSysDiskCapacity",
					"oid": ".1.3.6.1.4.1.12356.101.4.1.7.0",
					"type": "int32"
				}, {
					"description": "Disk Usage",
					"name": "fgSysDiskUsage",
					"oid": ".1.3.6.1.4.1.12356.101.4.1.6.0",
					"type": "int32"
				}]
			}],
			"computation": {
				"scriptName": "Fortinet-Fortigate-Disk1.js"
			}
		},
		"IDTable": {
			"entityType": "VECTOR",
			"properties": [],
			"queries": [{
				"name": "IDTable",
				"queryType": "TABLE",
				"fields": [{
					"description": "Number of intrusions detected on virtual domain",
					"name": "fgIpsIntrusionsDetected",
					"oid": ".1.3.6.1.4.1.12356.101.9.2.1.1.1",
					"type": "int32"
				}]
			}],
			"computation": {
				"scriptName": "Fortinet-Fortigate-IDTable.js"
			}
		},
		"MemoryInventory": {
			"entityType": "SCALAR",
			"properties": [],
			"queries": [{
				"name": "Memory",
				"queryType": "GET",
				"fields": [{
					"description": "System Memory Usage(%)",
					"name": "fgSysMemUsage",
					"oid": ".1.3.6.1.4.1.12356.101.4.1.4.0",
					"type": "int32"
				}]
			}],
			"computation": {
				"scriptName": "Fortinet-Fortigate-Memory.js"
			}
		},
		"MemoryMonitoring": {
			"entityType": "SCALAR",
			"properties": [],
			"queries": [{
				"name": "Memory",
				"queryType": "GET",
				"fields": [{
					"description": "System Memory Usage(%)",
					"name": "fgSysMemUsage",
					"oid": ".1.3.6.1.4.1.12356.101.4.1.4.0",
					"type": "int32"
				}]
			}],
			"computation": {
				"scriptName": "Fortinet-Fortigate-Memory.js"
			}
		},
		"Sessions": {
			"entityType": "SCALAR",
			"properties": [],
			"queries": [{
				"name": "Sessions",
				"queryType": "GET",
				"fields": [{
					"description": "IPv4 Active sessions",
					"name": "fgSysSesCount",
					"oid": ".1.3.6.1.4.1.12356.101.4.1.8.0",
					"type": "int32"
				}]
			}],
			"computation": {
				"scriptName": "Fortinet-Fortigate-Sessions.js"
			}
		}
	}
}