{
  "id": "fbf9765b-ea2b-4cfe-8291-bd5e856f2ef5",
  "type": "DEVICE",
  "name": "Nokia Sevice Router",
  "description": "Monitoring profile for Nokia Service Router",
  "vendor": "Nokia",
  "osType": "SR OS",
  "family": "Router",
  "protocol": "*",
  "customerId": "*",
  "isDefault": true,
  "locked": true,
  "origin": "SYSTEM",
  "status": "ACTIVE",
  "createdAt": 0,
  "updatedBy": "SYSTEM",
  "updatedAt": 1553095098000,
  "features": [
    {
      "id": "io.macaw.feature.icmp_device_availability",
      "name": "ICMP Device Availability",
      "type": "reachability",
      "enabled": true,
      "schedule": "sys_every_1_minute",
      "scheduleLabel": "Every 1 minute",
      "metrics": [
        {
          "id": "io.macaw.feature.icmp_device_availability.metric.reachability",
          "name": "ICMP Device Reachability(%)",
          "enabled": true,
          "alerts": [
            {
              "id": "io.macaw.feature.icmp_device_availability.metric.reachability.alert",
              "name": "ICMP Device Reachability(%)",
              "type": "ICMP Device Reachability(%)",
              "category": "Device",
              "clazz": "threshold",
              "enabled": true,
              "criteria": [
                {
                  "active": "${reachabilityStatus} != ${highWaterMarkValue}",
                  "clear": "${reachabilityStatus} == ${highWaterMarkValue}",
                  "highWaterMarkPercent": 0,
                  "lowWaterMarkPercent": 0,
                  "highWaterMarkValue": 100,
                  "lowWaterMarkValue": 100,
                  "severity": "CRITICAL",
                  "minimumOccurrence": 3,
                  "highWaterMarkLabel": "Device Reachability(%)",
                  "lowWaterMarkLabel": "Device Reachability(%)",
                  "message": "Device is unreachable via ICMP"
                }
              ]
            }
          ]
        }
      ]
    },
    {
      "id": "io.macaw.feature.device_availability",
      "name": "Device Availability",
      "type": "availability",
      "enabled": true,
      "schedule": "sys_every_3_minutes",
      "scheduleLabel": "Every 3 minutes",
      "metrics": [
        {
          "id": "io.macaw.feature.device_avalability.metric.availability_percent",
          "name": "Device Availability(%)",
          "enabled": true
        },
        {
          "id": "io.macaw.feature.device_avalability.metric.reachability_percent",
          "name": "SNMP Device Reachability(%)",
          "enabled": true,
          "alerts": [
            {
              "id": "io.macaw.feature.device_avalability.metric.reachability_percent.alert",
              "name": "SNMP Device Reachability(%)",
              "type": "SNMP Device Reachability(%)",
              "category": "Device",
              "clazz": "threshold",
              "enabled": true,
              "criteria": [
                {
                  "active": "${reachabilityStatus} != ${highWaterMarkValue}",
                  "clear": "${reachabilityStatus} == ${highWaterMarkValue}",
                  "highWaterMarkPercent": 0,
                  "lowWaterMarkPercent": 0,
                  "highWaterMarkValue": 100,
                  "lowWaterMarkValue": 0,
                  "severity": "CRITICAL",
                  "minimumOccurrence": 3,
                  "highWaterMarkLabel": "Device Reachability(%)",
                  "lowWaterMarkLabel": "Device Reachability(%)",
                  "message": "Device is unreachable via SNMP"
                }
              ]
            }
          ]
        }
      ]
    },
    {
      "id": "io.macaw.feature.device_interface_inventory",
      "name": "Interface Inventory",
      "type": "inventory",
      "enabled": true,
      "schedule": "sys_every_1_hr",
      "scheduleLabel": "Every 1 hour"
    },
    {
      "id": "io.macaw.feature.interface.management",
      "name": "Interface Management",
      "type": "monitoring",
      "enabled": true,
      "schedule": "sys_every_4_hours",
      "scheduleLabel": "Every 4 hours",
      "contextType": "Interface",
      "contextId": "Managed-Interfaces"
    },
    {
      "id": "io.macaw.feature.device_interface_monitoring",
      "name": "Interface Monitoring",
      "type": "monitoring",
      "enabled": true,
      "schedule": "sys_every_5_minutes",
      "scheduleLabel": "Every 5 minutes",
      "contextType": "Interface",
      "contextId": "UP-Interfaces",
      "metrics": [
        {
          "id": "io.macaw.feature.device_interface_monitoring.metric.packetdrops",
          "name": "Interface Packet Drops",
          "enabled": true,
          "alerts": [
            {
              "id": "io.macaw.feature.device_interface_monitoring.metric.packetdrops.totalErrors.alert",
              "name": "Interface Packet Errors(%)",
              "type": "Interface Packet Errors(%)",
              "category": "Interface",
              "clazz": "threshold",
              "enabled": false,
              "criteria": [
                {
                  "active": "(${totalIfErrorsPercent} > ${highWaterMarkValue})",
                  "clear": "",
                  "highWaterMarkPercent": 0,
                  "lowWaterMarkPercent": 0,
                  "highWaterMarkValue": 30,
                  "lowWaterMarkValue": 0,
                  "severity": "MAJOR",
                  "minimumOccurrence": 1,
                  "highWaterMarkLabel": "Interface packet errors(%)",
                  "lowWaterMarkLabel": "Interface packet errors(%)",
                  "message": "Interface \"${ifDescr}\" packet errors[${totalIfErrorsPercent}%] exceeded configured value ${highWaterMarkValue}%"
                }
              ]
            },
            {
              "id": "io.macaw.feature.device_interface_monitoring.metric.packetdrops.totalDiscards.alert",
              "name": "Interface Packet Discards(%)",
              "type": "Interface Packet Discards(%)",
              "category": "Interface",
              "clazz": "threshold",
              "enabled": false,
              "criteria": [
                {
                  "active": "(${totalIfDiscardsPercent}  > ${highWaterMarkValue})",
                  "clear": "",
                  "highWaterMarkPercent": 0,
                  "lowWaterMarkPercent": 0,
                  "highWaterMarkValue": 30,
                  "lowWaterMarkValue": 0,
                  "severity": "MAJOR",
                  "minimumOccurrence": 1,
                  "highWaterMarkLabel": "Interface total discards(%)",
                  "lowWaterMarkLabel": "Interface total discards(%)",
                  "message": "Interface \"${ifDescr}\" packet discards[${totalIfDiscardsPercent}%] exceeded configured value ${highWaterMarkValue}%"
                }
              ]
            }
          ]
        },
        {
          "id": "io.macaw.feature.device_interface_monitoring.metric.utilization",
          "name": "Interface In Bits Utilization(%)",
          "enabled": true,
          "alerts": [
            {
              "id": "io.macaw.feature.device_interface_monitoring.metric.utilizationIn.alert",
              "name": "Interface In Bit Utilization",
              "type": "Interface In Bit Utilization",
              "category": "Interface",
              "clazz": "threshold",
              "enabled": true,
              "criteria": [
                {
                  "active": "${utilizationIn} > ${highWaterMarkValue}",
                  "clear": "${utilizationIn} < ${lowWaterMarkValue}",
                  "highWaterMarkPercent": 0,
                  "lowWaterMarkPercent": 0,
                  "highWaterMarkValue": 90,
                  "lowWaterMarkValue": 80,
                  "severity": "MAJOR",
                  "minimumOccurrence": 3,
                  "highWaterMarkLabel": "Interface Utilization Exceeds",
                  "lowWaterMarkLabel": "Interface Utilization Falls below",
                  "message": "Interface \"${ifDescr}\" In Bit utilization [${utilizationIn}%] exceeded configured threshold ${highWaterMarkValue}%"
                }
              ]
            },
            {
              "id": "io.macaw.feature.device_interface_monitoring.metric.utilizationOut.alert",
              "name": "Interface Out Bit Utilization",
              "type": "Interface Out Bit Utilization",
              "category": "Interface",
              "clazz": "threshold",
              "enabled": true,
              "criteria": [
                {
                  "active": "${utilizationOut} > ${highWaterMarkValue}",
                  "clear": "${utilizationOut} < ${lowWaterMarkValue}",
                  "highWaterMarkPercent": 0,
                  "lowWaterMarkPercent": 0,
                  "highWaterMarkValue": 90,
                  "lowWaterMarkValue": 80,
                  "severity": "MAJOR",
                  "minimumOccurrence": 3,
                  "highWaterMarkLabel": "Interface Out Utilization Exceeds",
                  "lowWaterMarkLabel": "Interface Out Utilization Falls below",
                  "message": "Interface \"${ifDescr}\" Out Bit utilization [${utilizationOut}%] exceeded configured threshold ${highWaterMarkValue}%"
                }
              ]
            }
          ]
        },
        {
          "id": "io.macaw.feature.device_interface_monitoring.metric.operStatus",
          "name": "Interface Operational State",
          "enabled": true,
          "alerts": [
            {
              "id": "io.macaw.feature.device_interface_monitoring.metric.operStatus.alert",
              "name": "Interface Operational State",
              "type": "Interface Operational State",
              "category": "Interface",
              "clazz": "threshold",
              "enabled": true,
              "criteria": [
                {
                  "active": "${ifOperStatus} != ${highWaterMarkValue}",
                  "clear": "${ifOperStatus} == ${highWaterMarkValue}",
                  "highWaterMarkPercent": 0,
                  "lowWaterMarkPercent": 0,
                  "highWaterMarkValue": 1,
                  "lowWaterMarkValue": 1,
                  "severity": "MAJOR",
                  "minimumOccurrence": 3,
                  "highWaterMarkLabel": "Interface Operational State",
                  "lowWaterMarkLabel": "Interface Operational State",
                  "message": "Interface \"${ifDescr}\" is down"
                }
              ]
            }
          ]
        }
      ]
    },
    {
      "id": "device-package-cpu-inventory",
      "name": "CPU Inventory",
      "type": "inventory",
      "enabled": true,
      "schedule": "sys_every_1_hr",
      "scheduleLabel": "Every 1 hour"
    },
    {
      "id": "device-package-cpu-monitoring",
      "name": "CPU Monitoring",
      "type": "monitoring",
      "enabled": true,
      "schedule": "sys_every_5_minutes",
      "scheduleLabel": "Every 5 minutes",
      "metrics": [
        {
          "id": "device-package-cpu-monitoring-utilization",
          "name": "CPU Utilization(%)",
          "enabled": true,
          "alerts": [
            {
              "id": "device_package_cpu_monitoring_utilization_alert",
              "name": "CPU Utilization",
              "type": "CPU Utilization",
              "category": "CPU",
              "clazz": "threshold",
              "enabled": true,
              "criteria": [
                {
                  "active": "${utilization}>${highWaterMarkValue}",
                  "clear": "${utilization}<${lowWaterMarkValue}",
                  "highWaterMarkPercent": 0,
                  "lowWaterMarkPercent": 0,
                  "highWaterMarkValue": 90,
                  "lowWaterMarkValue": 85,
                  "severity": "MAJOR",
                  "minimumOccurrence": 3,
                  "message": "${name} Utilization [${utilization}%] exceeded configured value [${highWaterMarkValue}%]"
                }
              ]
            }
          ]
        }
      ]
    },
    {
      "id": "device-package-memory-inventory-generic",
      "name": "Memory Inventory",
      "type": "inventory",
      "enabled": true,
      "schedule": "sys_every_1_hr",
      "scheduleLabel": "Every 1 hour"
    },
    {
      "id": "device-package-memory-monitoring-generic",
      "name": "Memory Monitoring",
      "type": "monitoring",
      "enabled": true,
      "schedule": "sys_every_5_minutes",
      "scheduleLabel": "Every 5 minutes",
      "metrics": [
        {
          "id": "device-package-memory-monitoring-generic-utilization",
          "name": "Memory Pool Usage(%)",
          "enabled": true,
          "alerts": [
            {
              "id": "device_package_memory_monitoring_generic_utilization_alert",
              "name": "Memory Usage",
              "type": "Memory Usage",
              "category": "Memory",
              "clazz": "threshold",
              "enabled": true,
              "criteria": [
                {
                  "active": "${utilization} > ${highWaterMarkValue}",
                  "clear": "${utilization} < ${lowWaterMarkValue}",
                  "highWaterMarkPercent": 0,
                  "lowWaterMarkPercent": 0,
                  "highWaterMarkValue": 90,
                  "lowWaterMarkValue": 80,
                  "severity": "MAJOR",
                  "minimumOccurrence": 3,
                  "message": "${name} usage [${utilization}%] exceeded configured value [${highWaterMarkValue}%]"
                }
              ]
            }
          ]
        }
      ]
    },
    {
      "id": "device-package-disk-partition-inventory",
      "name": "Disk Inventory",
      "type": "inventory",
      "enabled": true,
      "schedule": "sys_every_1_hr",
      "scheduleLabel": "Every 1 hour"
    },
    {
      "id": "device-package-disk-partition-monitoring",
      "name": "Disk  Monitoring",
      "type": "monitoring",
      "enabled": true,
      "schedule": "sys_every_5_minutes",
      "scheduleLabel": "Every 5 minutes",
      "metrics": [
        {
          "id": "device-package-disk-partition-monitoring-utilization",
          "name": "Disk  Utilization(%)",
          "enabled": true,
          "alerts": [
            {
              "id": "device_package_disk_partition_monitoring_utilization_alert",
              "name": "Disk Partition Utilization",
              "type": "Disk Partition",
              "category": "Disk Partition",
              "clazz": "threshold",
              "enabled": true,
              "criteria": [
                {
                  "active": "${utilization}>${highWaterMarkValue}",
                  "clear": "${utilization}<${lowWaterMarkValue}",
                  "highWaterMarkPercent": 0,
                  "lowWaterMarkPercent": 0,
                  "highWaterMarkValue": 90,
                  "lowWaterMarkValue": 85,
                  "severity": "MAJOR",
                  "minimumOccurrence": 3,
                  "highWaterMarkLabel": "Disk Utilization Exceeds",
                  "lowWaterMarkLabel": "Disk Utilization Falls below",
                  "message": "Disk Partition ${name} Utilization ${utilization}% exceeded configured value ${highWaterMarkValue}%"
                }
              ]
            }
          ]
        }
      ]
    },
    {
      "id": "device-package-fan-inventory",
      "name": "Fan Inventory",
      "type": "inventory",
      "enabled": true,
      "schedule": "sys_every_1_hr",
      "scheduleLabel": "Every 1 hour"
    },
    {
      "id": "device-package-fan-monitoring",
      "name": "Fan Status Monitoring",
      "type": "monitoring",
      "enabled": true,
      "schedule": "sys_every_5_minutes",
      "scheduleLabel": "Every 5 minutes",
      "metrics": [
        {
          "id": "device-package-fan-monitoring-status",
          "name": "Fan Status Monitoring",
          "enabled": true,
          "alerts": [
            {
              "id": "device_package_fan_monitoring_alert",
              "name": "Fan Status",
              "type": "Fan",
              "category": "Fan",
              "clazz": "threshold",
              "enabled": true,
              "criteria": [
                {
                  "active": "${statusValue} != ${highWaterMarkValue}",
                  "clear": "${statusValue} == ${highWaterMarkValue}",
                  "highWaterMarkPercent": 0,
                  "lowWaterMarkPercent": 0,
                  "highWaterMarkValue": 100,
                  "lowWaterMarkValue": 100,
                  "severity": "MAJOR",
                  "minimumOccurrence": 3,
                  "message": "${label} status [${statusValue}] state is [${statusString}]"
                }
              ]
            }
          ]
        }
      ]
    },
    {
      "id": "io.macaw.feature.device_info_inventory",
      "name": "System information",
      "type": "inventory",
      "enabled": true,
      "schedule": "sys_every_1_hr",
      "scheduleLabel": "Every 1 hour"
    },
    {
      "id": "device-package-device-info-inventory",
      "name": "Product Information",
      "type": "inventory",
      "enabled": true,
      "schedule": "sys_every_1_hr",
      "scheduleLabel": "Every 1 hour"
    },
    {
      "id": "device-package-power-supply-inventory",
      "name": "Power Supply Inventory",
      "type": "inventory",
      "enabled": true,
      "schedule": "sys_every_1_hr",
      "scheduleLabel": "Every 1 hour"
    },
    {
      "id": "device-package-power-supply-monitoring",
      "name": "Power Supply Status Monitoring",
      "type": "monitoring",
      "enabled": true,
      "schedule": "sys_every_5_minutes",
      "scheduleLabel": "Every 5 minutes",
      "metrics": [
        {
          "id": "device-package-power-supply-monitoring-status",
          "name": "Power Supply Status Monitoring",
          "enabled": true,
          "alerts": [
            {
              "id": "device_package_power_supply_monitoring_alert",
              "name": "Power Supply Status",
              "type": "Power Supply",
              "category": "Power Supply",
              "clazz": "threshold",
              "enabled": true,
              "criteria": [
                {
                  "active": "${statusValue} != ${highWaterMarkValue}",
                  "clear": "${statusValue} == ${highWaterMarkValue}",
                  "highWaterMarkPercent": 0,
                  "lowWaterMarkPercent": 0,
                  "highWaterMarkValue": 100,
                  "lowWaterMarkValue": 100,
                  "severity": "MAJOR",
                  "minimumOccurrence": 3,
                  "message": "${label} status is [${statusValue}] and state is [${statusString}]"
                }
              ]
            }
          ]
        }
      ]
    },
    {
      "id": "device-package-temperature-inventory",
      "name": "Sensor Inventory",
      "type": "inventory",
      "enabled": true,
      "schedule": "sys_every_1_hr",
      "scheduleLabel": "Every 1 hour"
    },
    {
      "id": "device-package-temperature-monitoring",
      "name": "Temperature Status Monitoring",
      "type": "monitoring",
      "enabled": true,
      "schedule": "sys_every_5_minutes",
      "scheduleLabel": "Every 5 minutes",
      "metrics": [
        {
          "id": "device-package-temperature-monitoring-status",
          "name": "Temperature Status Monitoring",
          "enabled": true,
          "alerts": [
            {
              "id": "device_package_temperature_monitoring_alert",
              "name": "Temperature Status",
              "type": "Sensor",
              "category": "Sensor",
              "clazz": "threshold",
              "enabled": true,
              "criteria": [
                {
                  "active": "${temperatureCelsius} > ${highWaterMarkValue}",
                  "clear": "${temperatureCelsius} < ${highWaterMarkValue}",
                  "highWaterMarkPercent": 0,
                  "lowWaterMarkPercent": 0,
                  "highWaterMarkValue": 75,
                  "lowWaterMarkValue": 75,
                  "severity": "MAJOR",
                  "minimumOccurrence": 3,
                  "highWaterMarkLabel": "Temperature Status Exceeds",
                  "lowWaterMarkLabel": "Temperature Status Falls Bellow",
                  "message": "Temperature of ${label} status is [${temperatureCelsius}] Exceeds Configured Value [${highWaterMarkLabel}] "
                }
              ]
            }
          ]
        }
      ]
    },
    {
      "id": "device-package-power-supply-inventory",
      "name": "Power Supply Inventory",
      "type": "inventory",
      "enabled": true,
      "schedule": "sys_every_1_hr",
      "scheduleLabel": "Every 1 hour"
    },
    {
      "id": "device-package-power-supply-monitoring",
      "name": "Power Supply Status Monitoring",
      "type": "monitoring",
      "enabled": true,
      "schedule": "sys_every_5_minutes",
      "scheduleLabel": "Every 5 minutes",
      "metrics": [
        {
          "id": "device-package-power-supply-monitoring-status",
          "name": "Power Supply Status Monitoring",
          "enabled": true,
          "alerts": [
            {
              "id": "device_package_power_supply_monitoring_alert",
              "name": "Power Supply Status",
              "type": "Power Supply",
              "category": "Power Supply",
              "clazz": "threshold",
              "enabled": true,
              "criteria": [
                {
                  "active": "${statusValue} != ${highWaterMarkValue}",
                  "clear": "${statusValue} == ${highWaterMarkValue}",
                  "highWaterMarkPercent": 0,
                  "lowWaterMarkPercent": 0,
                  "highWaterMarkValue": 100,
                  "lowWaterMarkValue": 100,
                  "severity": "MAJOR",
                  "minimumOccurrence": 3,
                  "message": "${label} status is [${statusValue}] and ${label} is ${statusString}'"
                }
              ]
            }
          ]
        }
      ]
    },
    {
      "id": "io.macaw.feature.device.package.bgp.peer.ng.inventory",
      "name": "Bgp Peer Ng Inventory",
      "type": "inventory",
      "enabled": true,
      "schedule": "sys_every_1_hr",
      "scheduleLabel": "Every 1 hour"
    },
    {
      "id": "io.macaw.feature.device.package.bgp.peer.ng.monitoring",
      "name": "Bgp Peer Ng Monitoring",
      "type": "monitoring",
      "enabled": true,
      "schedule": "sys_every_5_minutes",
      "scheduleLabel": "Every 5 minutes",
      "metrics": [
        {
          "id": "io.macaw.feature.device.package.bgp.peer.ng.monitoring.connetion.state",
          "name": "Bgp Peer Ng Connection State Monitoring",
          "enabled": true,
          "alerts": [
            {
              "id": "io.macaw.feature.device.package.bgp.peer.ng.monitoring.connetion.state.alert",
              "name": "Bgp Peer Ng Connection State",
              "type": "BGP",
              "category": "BGP",
              "clazz": "threshold",
              "enabled": true,
              "criteria": [
                {
                  "active": "${connectionstate} != ${highWaterMarkValue}",
                  "clear": "${connectionstate} == ${highWaterMarkValue}",
                  "highWaterMarkPercent": 0,
                  "lowWaterMarkPercent": 0,
                  "highWaterMarkValue": 100,
                  "lowWaterMarkValue": 100,
                  "severity": "MAJOR",
                  "minimumOccurrence": 3,
                  "message": "${name} status is [${connectionstate}] and conncetion state is [${connectionString}]"
                }
              ]
            }
          ]
        }
      ]
    },
    {
      "id": "io.macaw.feature.nokia.service.router.vrtr.inventory",
      "name": "Virtual Inventory",
      "type": "inventory",
      "enabled": true,
      "schedule": "sys_every_1_hr",
      "scheduleLabel": "Every 1 hour"
    },
    {
      "id": "io.macaw.feature.nokia.service.router.vrtr.monitoring",
      "name": "Virtual Monitoring",
      "type": "monitoring",
      "enabled": true,
      "schedule": "sys_every_5_minutes",
      "scheduleLabel": "Every 5 minutes",
      "metrics": [
        {
          "id": "io.macaw.feature.nokia.service.router.vrtr.monitoring.utilization",
          "name": "Virtual Operation State Monitoring",
          "enabled": true,
          "alerts": [
            {
              "id": "io.macaw.feature.nokia.service.router.vrtr.monitoring.utilization.alert",
              "name": "Virtual Operation State",
              "type": "Virtual Operation State",
              "category": "Virtual",
              "clazz": "threshold",
              "enabled": false,
              "criteria": [
                {
                  "active": "${metricValue} != ${highWaterMarkValue}",
                  "clear": "${metricValue} == ${highWaterMarkValue}",
                  "highWaterMarkPercent": 0,
                  "lowWaterMarkPercent": 0,
                  "highWaterMarkValue": 100,
                  "lowWaterMarkValue": 100,
                  "severity": "MAJOR",
                  "minimumOccurrence": 3,
                  "message": "${name} status is [${metricValue}] and state is [${statusString}]"
                }
              ]
            }
          ]
        }
      ]
    },
    {
      "id": "io.macaw.feature.nokia.service.router.vrtr.interfaces.inventory",
      "name": "Virtual Interfaces Inventory",
      "type": "inventory",
      "enabled": true,
      "schedule": "sys_every_1_hr",
      "scheduleLabel": "Every 1 hour"
    },
    {
      "id": "io.macaw.feature.nokia.service.router.vrtr.interfaces.monitoring",
      "name": "Virtual Interfaces Monitoring",
      "type": "monitoring",
      "enabled": true,
      "schedule": "sys_every_5_minutes",
      "scheduleLabel": "Every 5 minutes",
      "metrics": [
        {
          "id": "io.macaw.feature.nokia.service.router.vrtr.interfaces.operation.state.metric.monitoring",
          "name": "Virtual Interface Operational State",
          "enabled": true,
          "alerts": [
            {
              "id": "io.macaw.feature.nokia.service.router.vrtr.interfaces.operation.state.metric.monitoring.alert",
              "name": "Operation State",
              "type": "Operation State",
              "category": "Virtual Interfaces",
              "clazz": "threshold",
              "enabled": true,
              "criteria": [
                {
                  "active": "${vRtrIfOperState} != ${highWaterMarkValue}",
                  "clear": "${vRtrIfOperState} == ${highWaterMarkValue}",
                  "highWaterMarkPercent": 0,
                  "lowWaterMarkPercent": 0,
                  "highWaterMarkValue": 100,
                  "lowWaterMarkValue": 100,
                  "severity": "MAJOR",
                  "minimumOccurrence": 3,
                  "message": "Operational Status of virtual interfaces [$(vRtrIfName)] status is [${vRtrIfOperState}] and state is [${statusString}]"
                }
              ]
            }
          ]
        },
        {
          "id": "io.macaw.feature.nokia.service.router.vrtr.interfaces.rxbytes.metric.monitoring",
          "name": "Receive Bytes",
          "enabled": true,
          "alerts": [
            {
              "id": "io.macaw.feature.nokia.service.router.vrtr.interfaces.rxbytes.metric.monitoring.alert",
              "name": "Receive Bytes",
              "type": "Receive Bytes",
              "category": "Virtual Interfaces",
              "clazz": "threshold",
              "enabled": false,
              "criteria": [
                {
                  "active": "${vRtrIfRxBytes} > ${highWaterMarkValue}",
                  "clear": "${vRtrIfRxBytes} < ${highWaterMarkValue}",
                  "highWaterMarkPercent": 0,
                  "lowWaterMarkPercent": 0,
                  "highWaterMarkValue": 100,
                  "lowWaterMarkValue": 100,
                  "severity": "MAJOR",
                  "minimumOccurrence": 3,
                  "message": "Receive Bytes of a virtual interface [${vRtrIfName}] is [${vRtrIfRxBytes}] exceeds configured [${highWaterMarkValue}] value"
                }
              ]
            }
          ]
        },
        {
          "id": "io.macaw.feature.nokia.service.router.vrtr.interfaces.txbytes.metric.monitoring",
          "name": "Transmit Bytes",
          "enabled": true,
          "alerts": [
            {
              "id": "io.macaw.feature.nokia.service.router.vrtr.interfaces.txbytes.metric.monitoring.alert",
              "name": "Transmit Bytes",
              "type": "Transmit Bytes",
              "category": "Virtual Interfaces",
              "clazz": "threshold",
              "enabled": false,
              "criteria": [
                {
                  "active": "${vRtrIfTxBytes} > ${highWaterMarkValue}",
                  "clear": "${vRtrIfTxBytes} < ${highWaterMarkValue}",
                  "highWaterMarkPercent": 0,
                  "lowWaterMarkPercent": 0,
                  "highWaterMarkValue": 100,
                  "lowWaterMarkValue": 100,
                  "severity": "MAJOR",
                  "minimumOccurrence": 3,
                  "message": "Transmit Bytes of a virtual interface [${vRtrIfName}] is [${vRtrIfTxBytes}] exceeds configured [${highWaterMarkValue}] value"
                }
              ]
            }
          ]
        },
        {
          "id": "io.macaw.feature.nokia.service.router.vrtr.interfaces.rxpkts.metric.monitoring",
          "name": "Receive Packets",
          "enabled": true,
          "alerts": [
            {
              "id": "io.macaw.feature.nokia.service.router.vrtr.interfaces.rxpkts.metric.monitoring.alert",
              "name": "Receive Packets",
              "type": "Receive Packets",
              "category": "Virtual Interfaces",
              "clazz": "threshold",
              "enabled": true,
              "criteria": [
                {
                  "active": "${vRtrIfRxPkts} > ${highWaterMarkValue}",
                  "clear": "${vRtrIfRxPkts} < ${highWaterMarkValue}",
                  "highWaterMarkPercent": 0,
                  "lowWaterMarkPercent": 0,
                  "highWaterMarkValue": 1,
                  "lowWaterMarkValue": 0,
                  "severity": "MAJOR",
                  "minimumOccurrence": 3,
                  "message": "Receive Packets of a virtual interface [${vRtrIfName}] is [${vRtrIfRxPkts}] exceeds configured [${highWaterMarkValue}] value"
                }
              ]
            }
          ]
        },
        {
          "id": "io.macaw.feature.nokia.service.router.vrtr.interfaces.txpkts.metric.monitoring",
          "name": "Transmit Packets",
          "enabled": true,
          "alerts": [
            {
              "id": "io.macaw.feature.nokia.service.router.vrtr.interfaces.txpkts.metric.monitoring.alert",
              "name": "Transmit Packets",
              "type": "Transmit Packets",
              "category": "Virtual Interfaces",
              "clazz": "threshold",
              "enabled": false,
              "criteria": [
                {
                  "active": "${vRtrIfTxPkts} != ${highWaterMarkValue}",
                  "clear": "${vRtrIfTxPkts} == ${highWaterMarkValue}",
                  "highWaterMarkPercent": 0,
                  "lowWaterMarkPercent": 0,
                  "highWaterMarkValue": 100,
                  "lowWaterMarkValue": 100,
                  "severity": "MAJOR",
                  "minimumOccurrence": 3,
                  "message": "Transmit Packets of a virtual interface [${vRtrIfName}] is [${vRtrIfRxPkts}] exceeds configured [${highWaterMarkValue}] value"
                }
              ]
            }
          ]
        }
      ]
    }
  ]
}