{
  "name": "io.macaw.feature.fortinet.fortigate.idtable.monitoring",
  "sourceMechanism": "SNMP",
  "collection-target": {
    "service-name": "generic-snmp-service",
    "service-namespace": "io.macaw.services",
    "target-api": "getFeature",
    "argTypes": [
      "java.lang.String",
      "java.lang.String",
      "java.lang.String",
      "io.macaw.snmp.DeviceKey",
      "java.lang.String",
      "[Ljava.util.Map;",
      "java.util.Map"
    ],
    "args": [
      "__ENV_ID__",
      "__DEVICE_TARGET__",
      "__CREDENTIAL_ID__",
      "__DEVICE_PACKAGE_KEY__",
      "IDTable",
      "__INDEXES__",
      "__PROPERTY_MAP__"
    ],
    "is-component": true,
	"is-cache-required" : true,
    "component-type": "device-utm",
    "component-label-field": "component",
    "fqn-fields": [
      {
        "component": "physicalEntity"
      }
    ]
  },
  "data-handlers": [
    {
      "id": "io.macaw.feature.fortinet.fortigate.idtable.monitoring.metric.ids",
      "post-collection-type": "custom-script",
      "post-collection-handler": "device_idtable.js",
      "table-bindings": {
        "database-name": "MetricFamily",
        "measurement": "idtable",
        "field-bindings": [
          {
            "utilization": "intrusionsdetected"
          }
        ],
        "tag-bindings": [
          {
            "component": "physicalEntity"
          }
        ]
      }
    }
  ]
} 
