{
  "name": "io.macaw.feature.fortinet.fortigate.software.info",
  "sourceMechanism": "SNMP",
  "collection-target": {
    "service-name": "generic-snmp-service",
    "service-namespace": "io.macaw.services",
    "target-api": "getFeature",
    "argTypes": [
      "java.lang.String",
      "java.lang.String",
      "java.lang.String",
      "io.macaw.snmp.DeviceKey",
      "java.lang.String",
      "[Ljava.util.Map;",
      "java.util.Map"
    ],
    "args": [
      "__ENV_ID__",
      "__DEVICE_TARGET__",
      "__CREDENTIAL_ID__",
      "__DEVICE_PACKAGE_KEY__",
      "EnvMon",
      "__INDEXES__",
      "__PROPERTY_MAP__"
    ]
  },
  "data-handlers": [
    {
      "id": "device_software_info",
      "post-collection-type": "data-persistence",
      "asset-definition": {
        "asset-attributes": [
          {
		"fgSysVersionIps":"ips-version",
		"fgSysVersionAv":"av-version",
		"fgSysVersion":"os-version",
		"entPhysicalModelName":"model"
          }
        ]
      }
    }
  ]
}