{
  "name": "io.macaw.feature.fortinet.fortigate.session.monitoring",
  "sourceMechanism": "SNMP",
  "collection-target": {
    "service-name": "generic-snmp-service",
    "service-namespace": "io.macaw.services",
    "target-api": "getFeature",
    "argTypes": [
      "java.lang.String",
      "java.lang.String",
      "java.lang.String",
      "io.macaw.snmp.DeviceKey",
      "java.lang.String",
      "[Ljava.util.Map;",
      "java.util.Map"
    ],
    "args": [
      "__ENV_ID__",
      "__DEVICE_TARGET__",
      "__CREDENTIAL_ID__",
      "__DEVICE_PACKAGE_KEY__",
      "Sessions",
      "__INDEXES__",
      "__PROPERTY_MAP__"
    ],
    "is-component": true,
	"component-type": "device-firewall-sessions",
    "component-label-field": "name",
    "fqn-fields": [
      {
      	"name": "sessionObj"
      }
    ]
	
  },
  "data-handlers": [
    {
      "id": "io.macaw.feature.fortinet.fortigate.session.monitoring.metric.sessions",
      "post-collection-type": "custom-script",
      "post-collection-handler": "device_session.js",
      "table-bindings": {
        "database-name": "MetricFamily",
        "measurement": "sessions",
        "field-bindings": [
          {
            "utilization": "sessions"
          }
        ],
        "tag-bindings": [
          {
          }
        ]
      }
    }
  ]
}
