{
  "name": "io.macaw.feature.fortinet.fortigate.session.inventory",
  "sourceMechanism": "SNMP",
  "collection-target": {
    "service-name": "generic-snmp-service",
    "service-namespace": "io.macaw.services",
    "target-api": "getFeature",
    "argTypes": [
      "java.lang.String",
      "java.lang.String",
      "java.lang.String",
      "io.macaw.snmp.DeviceKey",
      "java.lang.String",
      "[Ljava.util.Map;",
      "java.util.Map"
    ],
    "args": [
      "__ENV_ID__",
      "__DEVICE_TARGET__",
      "__CREDENTIAL_ID__",
      "__DEVICE_PACKAGE_KEY__",
      "Sessions",
      "__INDEXES__",
      "__PROPERTY_MAP__"
    ],
    "is-component": true,
		"component-type": "device-firewall-sessions",
		"component-label-field": "name"
  },
  "data-handlers": [
    {
      "id": "io.macaw.feature.fortinet.fortigate.session.inventory.metric.sessions",
      "post-collection-type": "data-persistence",
      "component-definition": {
		"component-info-fields": [
		{
			"name": "sessionObj"
		}],
		"fqn-fields": [
		{
			"name": "sessionObj"
		}]
		}
    }
  ]
}
