{
			"name": "com.cfx.device.qos.trend.AIR_FIBER_RADIO_LINK_AVAILABILITY",
			"context-type": "com.cfx.monsanto.device.inventory",
			"impl-class": "com.cfx.indigo.portal.reports.DeviceQOSUsageTrendReport",
			"report-generator-type": "com.cfx.report.generator.type.linechart",
			"sql": {
				"dialect": "influx"
			}
		},
		{
			"name": "com.cfx.device.qos.trend.AIR_FIBER_RADIO_LINK_STATUS_MONITORING",
			"context-type": "com.cfx.monsanto.device.inventory",
			"impl-class": "com.cfx.indigo.portal.reports.DeviceQOSUsageTrendReport",
			"report-generator-type": "com.cfx.report.generator.type.linechart",
			"sql": {
				"dialect": "influx"
			}
		},
		{
			"name": "com.cfx.device.qos.trend.AIR_FIBER_RADIO_LINK_REACHABILITY",
			"context-type": "com.cfx.monsanto.device.inventory",
			"impl-class": "com.cfx.indigo.portal.reports.DeviceQOSUsageTrendReport",
			"report-generator-type": "com.cfx.report.generator.type.linechart",
			"sql": {
				"dialect": "influx"
			}
		},
		{
			"name": "com.cfx.device.qos.trend.AIR_FIBER_RADIO_THROUGHPUT_MONITORING",
			"context-type": "com.cfx.monsanto.device.inventory",
			"impl-class": "com.cfx.indigo.portal.reports.DeviceQOSUsageTrendReport",
			"report-generator-type": "com.cfx.report.generator.type.linechart",
			"sql": {
				"dialect": "influx"
			}
		},
		{
			"name": "com.cfx.device.qos.trend.AIR_FIBER_ERRORS_MONITORING",
			"context-type": "com.cfx.monsanto.device.inventory",
			"impl-class": "com.cfx.indigo.portal.reports.DeviceQOSUsageTrendReport",
			"report-generator-type": "com.cfx.report.generator.type.linechart",
			"sql": {
				"dialect": "influx"
			}
		},
		{
			"name": "com.cfx.device.qos.trend.AIR_FIBER_PACKETS_TRANSFERED_MONITORING",
			"context-type": "com.cfx.monsanto.device.inventory",
			"impl-class": "com.cfx.indigo.portal.reports.DeviceQOSUsageTrendReport",
			"report-generator-type": "com.cfx.report.generator.type.linechart",
			"sql": {
				"dialect": "influx"
			}
		},