{
      "id": "airfiber_radio_link_reachability_trending",
      "definition": {
        "widgetId": "airfiber_radio_link_reachability_trending",
        "id": "trending_chart",
        "name": "Radio Link Reachability Trending",
        "type": "CHART",
        "contexts": {
          "reportId": "com.cfx.device.qos.trend.AIR_FIBER_RADIO_LINK_REACHABILITY",
          "reportContext": {
            "contextIdList": [
              {
                "name": "componentType",
                "value": "device-radio"
              }
            ]
          }
        }
      },
      "criteria": {
        "operator": "AND",
        "conditions": [
          {
            "operator": "AND",
            "conditions": [
              {
                "key": "os-type",
                "value": "airOS",
                "operator": "EQUALS"
              }
            ]
          },
          {
            "operator": "OR",
            "conditions": [
              {
                "key": "assetType",
                "value": "INFRA_ACCOUNT",
                "operator": "EQUALS"
              },
              {
                "key": "assetType",
                "value": "HOST",
                "operator": "EQUALS"
              }
            ]
          }
        ]
      },
      "rowSpan": 4,
      "heightType": "TYPE_3",
      "type": "CHART",
      "subType": "TREND_CHART",
      "priority": 6
    },
    {
      "id": "airfiber_radio_link_availability_trending",
      "definition": {
        "widgetId": "airfiber_radio_link_availability_trending",
        "id": "trending_chart",
        "name": "Radio Link Availability Trending",
        "type": "CHART",
        "contexts": {
          "reportId": "com.cfx.device.qos.trend.AIR_FIBER_RADIO_LINK_AVAILABILITY",
          "reportContext": {
            "contextIdList": [
              {
                "name": "componentType",
                "value": "device-radio"
              }
            ]
          }
        }
      },
      "criteria": {
        "operator": "AND",
        "conditions": [
          {
            "operator": "AND",
            "conditions": [
              {
                "key": "os-type",
                "value": "airOS",
                "operator": "EQUALS"
              }
            ]
          },
          {
            "operator": "OR",
            "conditions": [
              {
                "key": "assetType",
                "value": "INFRA_ACCOUNT",
                "operator": "EQUALS"
              },
              {
                "key": "assetType",
                "value": "HOST",
                "operator": "EQUALS"
              }
            ]
          }
        ]
      },
      "rowSpan": 4,
      "heightType": "TYPE_3",
      "type": "CHART",
      "subType": "TREND_CHART",
      "priority": 6
    },
    {
      "id": "airfiber_radio_link_status_trending",
      "definition": {
        "widgetId": "airfiber_radio_link_status_trending",
        "id": "trending_chart",
        "name": "Radio Link Operational Status Trending",
        "type": "CHART",
        "contexts": {
          "reportId": "com.cfx.device.qos.trend.AIR_FIBER_RADIO_LINK_STATUS_MONITORING",
          "reportContext": {
            "contextIdList": [
              {
                "name": "componentType",
                "value": "device-radio"
              }
            ]
          }
        }
      },
      "criteria": {
        "operator": "AND",
        "conditions": [
          {
            "operator": "AND",
            "conditions": [
              {
                "key": "os-type",
                "value": "airOS",
                "operator": "EQUALS"
              }
            ]
          },
          {
            "operator": "OR",
            "conditions": [
              {
                "key": "assetType",
                "value": "INFRA_ACCOUNT",
                "operator": "EQUALS"
              },
              {
                "key": "assetType",
                "value": "HOST",
                "operator": "EQUALS"
              }
            ]
          }
        ]
      },
      "rowSpan": 4,
      "heightType": "TYPE_3",
      "type": "CHART",
      "subType": "TREND_CHART",
      "priority": 6
    },
    {
      "id": "airfiber_device_radio_throughput_capacity_trending",
      "definition": {
        "widgetId": "airfiber_device_radio_throughput_capacity_trending",
        "id": "adaptive_line_chart_count",
        "name": "Radio Throughput Capacity Trending",
        "type": "CHART",
        "contexts": {
          "reportId": "com.cfx.device.qos.trend.AIR_FIBER_RADIO_THROUGHPUT_MONITORING"
        }
      },
      "criteria": {
        "operator": "AND",
        "conditions": [
          {
            "operator": "AND",
            "conditions": [
              {
                "key": "os-type",
                "value": "airOS",
                "operator": "EQUALS"
              }
            ]
          },
          {
            "operator": "OR",
            "conditions": [
              {
                "key": "assetType",
                "value": "INFRA_ACCOUNT",
                "operator": "EQUALS"
              },
              {
                "key": "assetType",
                "value": "HOST",
                "operator": "EQUALS"
              }
            ]
          }
        ]
      },
      "rowSpan": 4,
      "heightType": "TYPE_3",
      "type": "CHART",
      "subType": "TREND_CHART",
      "priority": 6
    },
    {
      "id": "airfiber_device_errors_trending",
      "definition": {
        "widgetId": "airfiber_device_errors_trending",
        "id": "adaptive_line_chart_count",
        "name": "Errors Trending",
        "type": "CHART",
        "contexts": {
          "reportId": "com.cfx.device.qos.trend.AIR_FIBER_ERRORS_MONITORING"
        }
      },
      "criteria": {
        "operator": "AND",
        "conditions": [
          {
            "operator": "AND",
            "conditions": [
              {
                "key": "os-type",
                "value": "airOS",
                "operator": "EQUALS"
              }
            ]
          },
          {
            "operator": "OR",
            "conditions": [
              {
                "key": "assetType",
                "value": "INFRA_ACCOUNT",
                "operator": "EQUALS"
              },
              {
                "key": "assetType",
                "value": "HOST",
                "operator": "EQUALS"
              }
            ]
          }
        ]
      },
      "rowSpan": 4,
      "heightType": "TYPE_3",
      "type": "CHART",
      "subType": "TREND_CHART",
      "priority": 6
    },
    {
      "id": "airfiber_device_packets_count_trending",
      "definition": {
        "widgetId": "airfiber_device_packets_count_trending",
        "id": "adaptive_line_chart_count",
        "name": "Packets Transfered Trending",
        "type": "CHART",
        "contexts": {
          "reportId": "com.cfx.device.qos.trend.AIR_FIBER_PACKETS_TRANSFERED_MONITORING"
        }
      },
      "criteria": {
        "operator": "AND",
        "conditions": [
          {
            "operator": "AND",
            "conditions": [
              {
                "key": "os-type",
                "value": "airOS",
                "operator": "EQUALS"
              }
            ]
          },
          {
            "operator": "OR",
            "conditions": [
              {
                "key": "assetType",
                "value": "INFRA_ACCOUNT",
                "operator": "EQUALS"
              },
              {
                "key": "assetType",
                "value": "HOST",
                "operator": "EQUALS"
              }
            ]
          }
        ]
      },
      "rowSpan": 4,
      "heightType": "TYPE_3",
      "type": "CHART",
      "subType": "TREND_CHART",
      "priority": 6
    },