{
  "id": "32650887-09f9-4273-bf0b-97ffe0adb0d5",
  "type": "DEVICE",
  "name": "Airfiber Ubiquiti",
  "description": "Monitors Ubiquiti Airfiber vital parameters",
  "vendor": "Ubiquiti Networks",
  "osType": "airOS",
  "family": "BackHaul",
  "protocol": "*",
  "customerId": "*",
  "isDefault": true,
  "locked": true,
  "origin": "SYSTEM",
  "status": "ACTIVE",
  "features": [
    {
      "id": "io.macaw.feature.device_info_inventory",
      "name": "Device Inventory",
      "type": "inventory",
      "enabled": true,
      "schedule": "sys_every_1_hr",
      "scheduleLabel": "Every 1 hour"
    },
    {
      "id": "device-package-memory-inventory",
      "name": "Memory inventory",
      "type": "inventory",
      "enabled": true,
      "schedule": "sys_every_5_minutes",
      "scheduleLabel": "Every 5 minutes"
    },
    {
      "id": "device-package-memory-monitoring",
      "name": "Memory Monitoring",
      "type": "monitoring",
      "enabled": true,
      "schedule": "sys_every_5_minutes",
      "scheduleLabel": "Every 5 minutes",
      "metrics": [
        {
          "id": "io.macaw.feature.cisco_generic_device_memory_monitoring.metric.memorypool_usage",
          "name": "Memory  Utilization(%)",
          "enabled": true,
          "alerts": [
            {
              "id": "io.macaw.feature.cisco_generic_device_memory_monitoring.metric.memorypool_usage.alert",
              "name": "Memory Usage",
              "type": "Memory  Usage",
              "category": "Memory",
              "clazz": "threshold",
              "enabled": true,
              "criteria": [
                {
                  "active": "${ciscoMemoryPoolUsed} > ${highWaterMarkValue}",
                  "clear": "${ciscoMemoryPoolUsed} < ${lowWaterMarkValue}",
                  "highWaterMarkLabel": "Memory Utilization Exceeds",
                  "lowWaterMarkLabel": "Memory Utilization Falls below",
                  "highWaterMarkValue": 90,
                  "lowWaterMarkValue": 80,
                  "severity": "MAJOR",
                  "minimumOccurrence": 3,
                  "message": "Memory ${ciscoMemoryPoolName} usage [${ciscoMemoryPoolUsed}%] exceeded configured value ${highWaterMarkValue}%"
                }
              ]
            }
          ]
        }
      ]
    },
    {
      "id": "device-package-cpu-inventory",
      "name": "CPU inventory",
      "type": "inventory",
      "enabled": true,
      "schedule": "sys_every_5_minutes",
      "scheduleLabel": "Every 5 minutes"
    },
    {
      "id": "device-package-cpu-monitoring",
      "name": "CPU Monitoring",
      "type": "monitoring",
      "enabled": true,
      "schedule": "sys_every_5_minutes",
      "scheduleLabel": "Every 5 minutes",
      "metrics": [
        {
          "id": "device-package-cpu-monitoring-utilization",
          "name": "CPU  Utilization(%)",
          "enabled": true,
          "alerts": [
            {
              "id": "device-package-cpu-monitoring-utilization.alert",
              "name": "CPU Usage",
              "type": "CPU Usage",
              "category": "CPU",
              "clazz": "threshold",
              "enabled": true,
              "criteria": [
                {
                  "active": "${utilization} > ${highWaterMarkValue}",
                  "clear": "${utilization} < ${lowWaterMarkValue}",
                  "highWaterMarkLabel": "CPU Utilization Exceeds",
                  "lowWaterMarkLabel": "CPU Utilization Fall Below",
                  "highWaterMarkValue": 90,
                  "lowWaterMarkValue": 80,
                  "severity": "MAJOR",
                  "minimumOccurrence": 3,
                  "message": "CPU  utilization ${utilization} Exceeds Configured ${highWaterMarkValue} Value"
                }
              ]
            }
          ]
        }
      ]
    },
    {
      "id": "device-package-temperature-inventory",
      "name": "Radio Temperature Inventory",
      "type": "inventory",
      "enabled": true,
      "schedule": "sys_every_1_hr",
      "scheduleLabel": "Every 1 hour"
    },
    {
      "id": "device-package-temperature-monitoring",
      "name": "Radio Temperature",
      "type": "monitoring",
      "enabled": true,
      "schedule": "sys_every_5_minutes",
      "scheduleLabel": "Every 5 minutes",
      "metrics": [
        {
          "id": "device-package-temperature-monitoring-status",
          "name": "Radio Temperature",
          "enabled": true,
          "alerts": [
            {
              "id": "device_package_temperature_monitoring_alert",
              "name": "Radio Temperature",
              "type": "Radio Temperature",
              "category": "Radio Temperature",
              "clazz": "threshold",
              "enabled": true,
              "criteria": [
                {
                  "active": "${temperatureCelsius} > ${highWaterMarkValue}",
                  "clear": "${temperatureCelsius} < ${lowWaterMarkValue}",
                  "highWaterMarkPercent": 0,
                  "lowWaterMarkPercent": 0,
                  "highWaterMarkValue": 90,
                  "lowWaterMarkValue": 80,
                  "severity": "MAJOR",
                  "minimumOccurrence": 3,
                  "message": "Temperature of ${label} status is ${temperatureCelsius} Exceeds the Configured ${highWaterMarkValue} Value"
                }
              ]
            }
          ]
        }
      ]
    },
    {
      "id": "io.macaw.feature.ubiquiti.airfiber.radio.inventory",
      "name": "Radio Status Inventory",
      "type": "inventory",
      "enabled": true,
      "schedule": "sys_every_5_minutes",
      "scheduleLabel": "Every 5 minutes"
    },
    {
      "id": "io.macaw.feature.ubiquiti.airfiber.availability.monitoring",
      "name": "Radio Status Monitoring",
      "type": "monitoring",
      "enabled": true,
      "schedule": "sys_every_5_minutes",
      "scheduleLabel": "Every 5 minutes",
      "metrics": [
        {
          "id": "io.macaw.feature.ubiquiti.airfiber.availability.monitoring.metric.availability.percent",
          "name": "Radio Status Availability",
          "enabled": true,
          "alerts": [
            {
              "id": "io.macaw.feature.ubiquiti.airfiber.availability.monitoring.metric.availability.percent.alert",
              "name": "Radio Link Availability",
              "type": "Radio Link Availability",
              "category": "Radio Link Availability",
              "clazz": "threshold",
              "enabled": true,
              "criteria": [
                {
                  "active": "${metricValue} != ${highWaterMarkValue}",
                  "clear": "${metricValue} == ${highWaterMarkValue}",
                  "highWaterMarkLabel": "Radio Link Up Time Availability",
                  "lowWaterMarkLabel": "Radio Link Up Time Availability",
                  "highWaterMarkValue": 100,
                  "lowWaterMarkValue": 100,
                  "severity": "MAJOR",
                  "minimumOccurrence": 3,
                  "message": "Radio Link Availabilty status ${metricValue} is Down"
                }
              ]
            }
          ]
        },
        {
          "id": "io.macaw.feature.ubiquiti.airfiber.availability.monitoring.metric.state",
          "name": "Radio Link State Reachability",
          "enabled": true,
          "alerts": [
            {
              "id": "io.macaw.feature.ubiquiti.airfiber.availability.monitoring.metric.state.alert",
              "name": "Radio Link State Reachability",
              "type": "Radio Link State Reachability",
              "category": "Radio Link State",
              "clazz": "threshold",
              "enabled": true,
              "criteria": [
                {
                  "active": "${RadioLinkState} != ${highWaterMarkValue}",
                  "clear": "${RadioLinkState} == ${highWaterMarkValue}",
                  "highWaterMarkLabel": "Radio Link State Reachability",
                  "lowWaterMarkLabel": "Radio Link State Reachability",
                  "highWaterMarkValue": 100,
                  "lowWaterMarkValue": 100,
                  "severity": "MAJOR",
                  "minimumOccurrence": 3,
                  "message": "Radio Link Reachability status is ${RadioLinkState} and Radio Link State is ${linkStateStatusString}"
                }
              ]
            }
          ]
        },
        {
          "id": "io.macaw.feature.ubiquiti.airfiber.availability.monitoring.metric.radio.link.info.metric.monitoring",
          "name": "Radio Link Info Operational Status",
          "enabled": true,
          "alerts": [
            {
              "id": "io.macaw.feature.ubiquiti.airfiber.availability.monitoring.metric.radio.link.info.metric.monitoring.alert",
              "name": "Radio Link Operational",
              "type": "Radio Link Operational",
              "category": "Radio Link info",
              "clazz": "threshold",
              "enabled": true,
              "criteria": [
                {
                  "active": "${radioLinkInfo} != ${highWaterMarkValue}",
                  "clear": "${radioLinkInfo} == ${highWaterMarkValue}",
                  "highWaterMarkLabel": "Radio Link Info Operational Status",
                  "lowWaterMarkLabel": "Radio Link Info Operational Status",
                  "highWaterMarkValue": 100,
                  "lowWaterMarkValue": 100,
                  "severity": "MAJOR",
                  "minimumOccurrence": 3,
                  "message": "Radio Link info Operational Status is  ${linkInfo}"
                }
              ]
            }
          ]
        }
      ]
    },
    {
      "id": "io.macaw.feature.device_interface_inventory",
      "name": "Interface Inventory",
      "type": "inventory",
      "enabled": true,
      "schedule": "sys_every_1_hr",
      "scheduleLabel": "Every 1 hour"
    },
    {
      "id": "io.macaw.feature.device_interface_monitoring",
      "name": "Interface Monitoring",
      "type": "monitoring",
      "enabled": true,
      "schedule": "sys_every_5_minutes",
      "scheduleLabel": "Every 5 minutes",
      "contextType": "Interface",
      "contextId": "UP-Interfaces",
      "metrics": [
        {
          "id": "io.macaw.feature.device_interface_monitoring.metric.packetdrops",
          "name": "Interface Packet Drops",
          "enabled": true,
          "alerts": [
            {
              "id": "io.macaw.feature.device_interface_monitoring.metric.packetdrops.totalErrors.alert",
              "name": "Interface Packet Errors(%)",
              "type": "Interface Packet Errors(%)",
              "category": "Interface",
              "clazz": "threshold",
              "enabled": false,
              "criteria": [
                {
                  "active": "(${totalIfErrorsPercent} > ${highWaterMarkValue})",
                  "clear": "",
                  "highWaterMarkPercent": 0,
                  "lowWaterMarkPercent": 0,
                  "highWaterMarkValue": 30,
                  "lowWaterMarkValue": 0,
                  "severity": "MAJOR",
                  "minimumOccurrence": 1,
                  "message": "Interface \"${ifDescr}\" packet errors[${totalIfErrorsPercent}%] exceeded configured value ${highWaterMarkValue}%"
                }
              ]
            },
            {
              "id": "io.macaw.feature.device_interface_monitoring.metric.packetdrops.totalDiscards.alert",
              "name": "Interface Packet Discards(%)",
              "type": "Interface Packet Discards(%)",
              "category": "Interface",
              "clazz": "threshold",
              "enabled": false,
              "criteria": [
                {
                  "active": "(${totalIfDiscardsPercent}  > ${highWaterMarkValue})",
                  "clear": "",
                  "highWaterMarkPercent": 0,
                  "lowWaterMarkPercent": 0,
                  "highWaterMarkValue": 30,
                  "lowWaterMarkValue": 0,
                  "severity": "MAJOR",
                  "minimumOccurrence": 1,
                  "message": "Interface \"${ifDescr}\" packet discards[${totalIfDiscardsPercent}%] exceeded configured value ${highWaterMarkValue}%"
                }
              ]
            }
          ]
        },
        {
          "id": "io.macaw.feature.device_interface_monitoring.metric.utilization",
          "name": "Interface In Bits Utilization(%)",
          "enabled": true,
          "alerts": [
            {
              "id": "io.macaw.feature.device_interface_monitoring.metric.utilizationIn.alert",
              "name": "Interface In Bit Utilization",
              "type": "Interface In Bit Utilization",
              "category": "Interface",
              "clazz": "threshold",
              "enabled": true,
              "criteria": [
                {
                  "active": "${utilizationIn} > ${highWaterMarkValue}",
                  "clear": "${utilizationIn} < ${lowWaterMarkValue}",
                  "highWaterMarkPercent": 0,
                  "lowWaterMarkPercent": 0,
                  "highWaterMarkValue": 90,
                  "lowWaterMarkValue": 80,
                  "severity": "MAJOR",
                  "minimumOccurrence": 3,
                  "message": "Interface \"${ifDescr}\" In Bit utilization [${utilizationIn}%] exceeded configured threshold ${highWaterMarkValue}%"
                }
              ]
            },
            {
              "id": "io.macaw.feature.device_interface_monitoring.metric.utilizationOut.alert",
              "name": "Interface Out Bit Utilization",
              "type": "Interface Out Bit Utilization",
              "category": "Interface",
              "clazz": "threshold",
              "enabled": true,
              "criteria": [
                {
                  "active": "${utilizationOut} > ${highWaterMarkValue}",
                  "clear": "${utilizationOut} < ${lowWaterMarkValue}",
                  "highWaterMarkPercent": 0,
                  "lowWaterMarkPercent": 0,
                  "highWaterMarkValue": 90,
                  "lowWaterMarkValue": 80,
                  "severity": "MAJOR",
                  "minimumOccurrence": 3,
                  "message": "Interface \"${ifDescr}\" Out Bit utilization [${utilizationOut}%] exceeded configured threshold ${highWaterMarkValue}%"
                }
              ]
            }
          ]
        },
        {
          "id": "io.macaw.feature.device_interface_monitoring.metric.operStatus",
          "name": "Interface Operational State",
          "enabled": true,
          "alerts": [
            {
              "id": "io.macaw.feature.device_interface_monitoring.metric.operStatus.alert",
              "name": "Interface Operational State",
              "type": "Interface Operational State",
              "category": "Interface",
              "clazz": "threshold",
              "enabled": true,
              "criteria": [
                {
                  "active": "${ifOperStatus} != ${highWaterMarkValue}",
                  "clear": "${ifOperStatus} == ${highWaterMarkValue}",
                  "highWaterMarkPercent": 0,
                  "lowWaterMarkPercent": 0,
                  "highWaterMarkValue": 1,
                  "lowWaterMarkValue": 1,
                  "severity": "MAJOR",
                  "minimumOccurrence": 3,
                  "message": "Interface \"${ifDescr}\" is down"
                }
              ]
            }
          ]
        }
      ]
    },
    {
      "id": "io.macaw.feature.device_availability",
      "name": "Device Availability",
      "type": "reachability",
      "enabled": true,
      "schedule": "sys_every_3_minutes",
      "scheduleLabel": "Every 3 minutes",
      "metrics": [
        {
          "id": "io.macaw.feature.device_avalability.metric.availability_percent",
          "name": "Device Availability(%)",
          "enabled": true
        },
        {
          "id": "io.macaw.feature.device_avalability.metric.reachability_percent",
          "name": "SNMP Device Reachability(%)",
          "enabled": true,
          "alerts": [
            {
              "id": "io.macaw.feature.brocade_device_availability.metric.reachability_percent.alert",
              "name": "SNMP Device Reachability(%)",
              "type": "SNMP Device Reachability(%)",
              "category": "Device",
              "clazz": "threshold",
              "enabled": true,
              "criteria": [
                {
                  "active": "${reachabilityStatus} != ${highWaterMarkValue}",
                  "clear": "${reachabilityStatus} == ${highWaterMarkValue}",
                  "highWaterMarkPercent": 0,
                  "lowWaterMarkPercent": 0,
                  "highWaterMarkValue": 100,
                  "lowWaterMarkValue": 0,
                  "severity": "CRITICAL",
                  "minimumOccurrence": 3,
                  "message": "Device is unreachable via SNMP"
                }
              ]
            }
          ]
        }
      ]
    },
    {
      "id": "io.macaw.feature.icmp_device_availability",
      "name": "ICMP Device Availability",
      "type": "reachability",
      "enabled": true,
      "schedule": "sys_every_1_minute",
      "scheduleLabel": "Every 1 minute",
      "metrics": [
        {
          "id": "io.macaw.feature.icmp_device_availability.metric.reachability",
          "name": "ICMP Device Reachability(%)",
          "enabled": true,
          "alerts": [
            {
              "id": "io.macaw.feature.icmp_device_availability.metric.reachability.alert",
              "name": "ICMP Device Reachability(%)",
              "type": "ICMP Device Reachability(%)",
              "category": "Device",
              "clazz": "threshold",
              "enabled": true,
              "criteria": [
                {
                  "active": "${reachabilityStatus} != ${highWaterMarkValue}",
                  "clear": "${reachabilityStatus} == ${highWaterMarkValue}",
                  "highWaterMarkPercent": 0,
                  "lowWaterMarkPercent": 0,
                  "highWaterMarkValue": 100,
                  "lowWaterMarkValue": 100,
                  "severity": "CRITICAL",
                  "minimumOccurrence": 3,
                  "message": "Device is unreachable via ICMP"
                }
              ]
            }
          ]
        }
      ]
    },
    {
      "id": "io.macaw.ubiquiti.airfiber.statistics.errors.inventory",
      "name": "Errors Inventory",
      "type": "inventory",
      "enabled": true,
      "schedule": "sys_every_5_minutes",
      "scheduleLabel": "Every 5 minute"
    },
    {
      "id": "io.macaw.ubiquiti.airfiber.statistics.errors.monitoring",
      "name": "Error Monitoring",
      "type": "monitoring",
      "enabled": true,
      "schedule": "sys_every_5_minutes",
      "scheduleLabel": "Every 5 minutes",
      "metrics": [
        {
          "id": "io.macaw.ubiquiti.airfiber.statistics.errors.crc.metric.monitoring",
          "name": "Crc Error",
          "enabled": true,
          "alerts": [
            {
              "id": "io.macaw.ubiquiti.airfiber.statistics.errors.crc.metric.monitoring.alert",
              "name": "CRC Error",
              "type": "CRC Error",
              "category": "CRC Error",
              "clazz": "threshold",
              "enabled": true,
              "criteria": [
                {
                  "active": "${rxFrameCrcErr} > ${highWaterMarkValue}",
                  "clear": "${rxFrameCrcErr} < ${lowWaterMarkValue}",
                  "highWaterMarkPercent": 0,
                  "lowWaterMarkPercent": 0,
                  "highWaterMarkValue": 1,
                  "lowWaterMarkValue": 0,
                  "severity": "MAJOR",
                  "minimumOccurrence": 3,
                  "message": "RX Frame CRC Error is ${rxFrameCrcErr} Exceeds the configured ${highWaterMarkValue} Value."
                }
              ]
            }
          ]
        },
        {
          "id": "io.macaw.ubiquiti.airfiber.statistics.errors.AlignErr.metric.monitoring",
          "name": "Allign Error",
          "enabled": true,
          "alerts": [
            {
              "id": "io.macaw.ubiquiti.airfiber.statistics.errors.AlignErr.metric.monitoring.alert",
              "name": "Allign Error",
              "type": "Allign Error",
              "category": "Allign Error",
              "clazz": "threshold",
              "enabled": true,
              "criteria": [
                {
                  "active": "${rxAlignErr} > ${highWaterMarkValue}",
                  "clear": "${rxAlignErr} < ${lowWaterMarkValue}",
                  "highWaterMarkPercent": 0,
                  "lowWaterMarkPercent": 0,
                  "highWaterMarkValue": 1,
                  "lowWaterMarkValue": 0,
                  "severity": "MAJOR",
                  "minimumOccurrence": 3,
                  "message": "RX Allign Error status is ${rxAlignErr} Exceeds the configured ${highWaterMarkValue} Value"
                }
              ]
            }
          ]
        },
        {
          "id": "io.macaw.ubiquiti.airfiber.statistics.errors.rxerroredframes.metric.monitoring",
          "name": "Rx Errored Frames",
          "enabled": true,
          "alerts": [
            {
              "id": "io.macaw.ubiquiti.airfiber.statistics.errors.rxerroredframes.metric.monitoring.alert",
              "name": "RX Errored Frames",
              "type": "RX Errored Frames",
              "category": "RX Errored Frames",
              "clazz": "threshold",
              "enabled": true,
              "criteria": [
                {
                  "active": "${rxErroredFrames} > ${highWaterMarkValue}",
                  "clear": "${rxErroredFrames} < ${lowWaterMarkValue}",
                  "highWaterMarkPercent": 0,
                  "lowWaterMarkPercent": 0,
                  "highWaterMarkValue": 1,
                  "lowWaterMarkValue": 0,
                  "severity": "MAJOR",
                  "minimumOccurrence": 3,
                  "message": "RX Errored Frames status is ${rxErroredFrames} Exceeds the Configured ${highWaterMarkValue} Value"
                }
              ]
            }
          ]
        },
        {
          "id": "io.macaw.ubiquiti.airfiber.statistics.errors.txerroredframes.metric.monitoring",
          "name": "Tx Errored Frames",
          "enabled": true,
          "alerts": [
            {
              "id": "io.macaw.ubiquiti.airfiber.statistics.errors.txerroredframes.metric.monitoring.alert",
              "name": "TX Errored Frames",
              "type": "TX Errored Frames",
              "category": "TX Errored Frames",
              "clazz": "threshold",
              "enabled": true,
              "criteria": [
                {
                  "active": "${txErroredFrames} > ${highWaterMarkValue}",
                  "clear": "${txErroredFrames} < ${lowWaterMarkValue}",
                  "highWaterMarkPercent": 0,
                  "lowWaterMarkPercent": 0,
                  "highWaterMarkValue": 1,
                  "lowWaterMarkValue": 0,
                  "severity": "MAJOR",
                  "minimumOccurrence": 3,
                  "message": "Tx Errored Frames status is ${txErroredFrames} Exceeds the Configured ${highWaterMarkValue} Value."
                }
              ]
            }
          ]
        },
        {
          "id": "io.macaw.ubiquiti.airfiber.statistics.errors.rxdroppedmacerrframes.metric.monitoring",
          "name": "Dropped MAC error frames",
          "enabled": true,
          "alerts": [
            {
              "id": "io.macaw.ubiquiti.airfiber.statistics.errors.rxdroppedmacerrframes.metric.monitoring.alert",
              "name": "Dropped MAC error frames",
              "type": "Dropped MAC error frames",
              "category": "Dropped MAC error frames",
              "clazz": "threshold",
              "enabled": true,
              "criteria": [
                {
                  "active": "${rxDroppedMacErrFrames}>=${highWaterMarkValue}",
                  "clear": "${rxDroppedMacErrFrames}<=${lowWaterMarkValue}",
                  "highWaterMarkPercent": 0,
                  "lowWaterMarkPercent": 0,
                  "highWaterMarkValue": 1,
                  "lowWaterMarkValue": 0,
                  "severity": "MAJOR",
                  "minimumOccurrence": 3,
                  "message": "Dropped MAC Error Frames Alert status is ${rxDroppedMacErrFrames} Exceeds the Configured ${highWaterMarkValue} Value"
                }
              ]
            }
          ]
        },
        {
          "id": "io.macaw.ubiquiti.airfiber.statistics.errors.rxoverlengthframes.metric.monitoring",
          "name": "Rx Over Length frames",
          "enabled": true,
          "alerts": [
            {
              "id": "io.macaw.ubiquiti.airfiber.statistics.errors.rxoverlengthframes.metric.monitoring.alert",
              "name": "Rx Over Length frames",
              "type": "Rx Over Length frames",
              "category": "Rx Over Length frames",
              "clazz": "threshold",
              "enabled": true,
              "criteria": [
                {
                  "active": "${rxOverLengthFrames} > ${highWaterMarkValue}",
                  "clear": "${rxOverLengthFrames} < ${lowWaterMarkValue}",
                  "highWaterMarkPercent": 0,
                  "lowWaterMarkPercent": 0,
                  "highWaterMarkValue": 1,
                  "lowWaterMarkValue": 0,
                  "severity": "MAJOR",
                  "minimumOccurrence": 3,
                  "message": "Rx Over Length frames Status is ${rxOverLengthFrames} Exceeds the Cobfigured ${highWaterMarkValue} Value"
                }
              ]
            }
          ]
        },
        {
          "id": "io.macaw.ubiquiti.airfiber.statistics.errors.rxtoolongframecrcerr.metric.monitoring",
          "name": "Rx Loo Long Frame CRC error",
          "enabled": true,
          "alerts": [
            {
              "id": "io.macaw.ubiquiti.airfiber.statistics.errors.rxtoolongframecrcerr.metric.monitoring.alert",
              "name": "Rx Too Long Frame CRC error",
              "type": "Rx Too Long Frame CRC error",
              "category": "Rx Too Long Frame CRC error",
              "clazz": "threshold",
              "enabled": true,
              "criteria": [
                {
                  "active": "${rxTooLongFrameCrcErr}>=${highWaterMarkValue}",
                  "clear": "${rxTooLongFrameCrcErr}<=${lowWaterMarkValue}",
                  "highWaterMarkPercent": 0,
                  "lowWaterMarkPercent": 0,
                  "highWaterMarkValue": 1,
                  "lowWaterMarkValue": 0,
                  "severity": "MAJOR",
                  "minimumOccurrence": 3,
                  "message": "Rx Too Long Frame CRC Error Status is ${rxTooLongFrameCrcErr} Exceeds the Configured ${highWaterMarkValue} Value"
                }
              ]
            }
          ]
        },
        {
          "id": "io.macaw.ubiquiti.airfiber.statistics.errors.rxtooshortframecrcerr.metric.monitoring",
          "name": "Rx too short frame CRC error",
          "enabled": true,
          "alerts": [
            {
              "id": "io.macaw.ubiquiti.airfiber.statistics.errors.rxtooshortframecrcerr.metric.monitoring.alert",
              "name": "Rx Too Short Frame CRC error",
              "type": "Rx Too Short Frame CRC error",
              "category": "Rx Too Short Frame CRC error",
              "clazz": "threshold",
              "enabled": true,
              "criteria": [
                {
                  "active": "${rxTooShortFrameCrcErr} > ${highWaterMarkValue}",
                  "clear": "${rxTooShortFrameCrcErr} < ${lowWaterMarkValue}",
                  "highWaterMarkPercent": 0,
                  "lowWaterMarkPercent": 0,
                  "highWaterMarkValue": 1,
                  "lowWaterMarkValue": 0,
                  "severity": "MAJOR",
                  "minimumOccurrence": 3,
                  "message": "Rx Too Short Frame CRC Error ${rxTooShortFrameCrcErr} Exceeds the Configured ${highWaterMarkValue} Value"
                }
              ]
            }
          ]
        }
      ]
    },
    {
      "id": "io.macaw.ubiquiti.airfiber.statistics.packetcount.inventory",
      "name": "Packet Count Transfered Inventory",
      "type": "inventory",
      "enabled": true,
      "schedule": "sys_every_1_hr",
      "scheduleLabel": "Every 1 hour"
    },
    {
      "id": "io.macaw.ubiquiti.airfiber.statistics.packetcount.monitoring",
      "name": "Packet Count Transfered Monitoring",
      "type": "monitoring",
      "enabled": true,
      "schedule": "sys_every_5_minutes",
      "scheduleLabel": "Every 5 minutes",
      "metrics": [
        {
          "id": "io.macaw.ubiquiti.airfiber.statistics.packetcount.monitoring.metric",
          "name": "Packet Count Transfered Monitoring",
          "enabled": true,
          "alerts": [
            {
              "id": "io.macaw.ubiquiti.airfiber.statistics.packetcount.monitoring.metric.alert",
              "name": "Packet Count Transfered",
              "type": "Packer Count Transfered",
              "category": "Packet Count Transfered",
              "clazz": "threshold",
              "enabled": true,
              "criteria": [
                {
                  "active": "${packetcount} > ${highWaterMarkValue}",
                  "clear": "${packetcount} < ${lowWaterMarkValue}",
                  "highWaterMarkPercent": 0,
                  "lowWaterMarkPercent": 0,
                  "highWaterMarkValue": 1,
                  "lowWaterMarkValue": 0,
                  "severity": "MAJOR",
                  "minimumOccurrence": 3,
                  "message": "${label} Count is ${packetcount} Exceeds the Configured Value ${highWaterMarkValue}"
                }
              ]
            }
          ]
        }
      ]
    },
    {
      "id": "io.macaw.ubiquiti.airfiber.radio.throuhput.capacity.inventory",
      "name": "Radio ThroughPut Capacity Inventory",
      "type": "inventory",
      "enabled": true,
      "schedule": "sys_every_1_hr",
      "scheduleLabel": "Every 1 hour"
    },
    {
      "id": "io.macaw.ubiquiti.airfiber.radio.throuhput.capacity.monitoring",
      "name": "Radio ThroughPut Capacity Monitoring",
      "type": "monitoring",
      "enabled": true,
      "schedule": "sys_every_5_minutes",
      "scheduleLabel": "Every 5 minutes",
      "metrics": [
        {
          "id": "io.macaw.ubiquiti.airfiber.radio.throuhput.capacity.monitoring.metric",
          "name": "Radio ThroughPut Capacity",
          "enabled": true,
          "alerts": [
            {
              "id": "io.macaw.ubiquiti.airfiber.radio.throuhput.capacity.monitoring.metric.alert",
              "name": "Radio ThroughPut Capacity",
              "type": "Radio ThroughPut Capacity",
              "category": "Radio ThroughPut Capacity",
              "clazz": "threshold",
              "enabled": true,
              "criteria": [
                {
                  "active": "${metricValue} > ${highWaterMarkValue}",
                  "clear": "${metricValue} < ${lowWaterMarkValue}",
                  "highWaterMarkPercent": 0,
                  "lowWaterMarkPercent": 0,
                  "highWaterMarkValue": 945,
                  "lowWaterMarkValue": 740,
                  "severity": "MAJOR",
                  "minimumOccurrence": 3,
                  "message": "${label} ThroughPut Capacity of Radio is ${metricValue} Exceeds the Configured Value ${highWaterMarkValue}"
                }
              ]
            }
          ]
        }
      ]
    }
  ]
}