{
  "name": "io.macaw.feature.cambium.ptp.radio.monitoring",
  "sourceMechanism": "SNMP",
  "collection-target": {
    "service-name": "generic-snmp-service",
    "service-namespace": "io.macaw.services",
    "target-api": "getFeature",
    "argTypes": [
      "java.lang.String",
      "java.lang.String",
      "java.lang.String",
      "io.macaw.snmp.DeviceKey",
      "java.lang.String",
      "[Ljava.util.Map;",
      "java.util.Map"
    ],
    "args": [
      "__ENV_ID__",
      "__DEVICE_TARGET__",
      "__CREDENTIAL_ID__",
      "__DEVICE_PACKAGE_KEY__",
      "RadioStatus",
      "__INDEXES__",
      "__PROPERTY_MAP__"
    ],
	"is-component": true,
    "component-type": "device-radio",
    "component-label-field": "component",
	"fqn-fields": [
        {
          "component": "physicalEntity"
        }
    ]
  },
  "data-handlers": [
    {
      "id": "io.macaw.feature.cambium.ptp.radio.monitoring.metric.status.mse",
      "post-collection-type": "custom-script",
	  "post-collection-handler": "cambium_radiomse.js",
	  "table-bindings": {
        "database-name": "MetricFamily",
        "measurement": "metric",
        "field-bindings": [
          {
            "RadioMSE": "metricValue"
          }
        ],
        "tag-bindings": [
          {
            "metricName": "metricName"
          }
        ]
      }
    }
	
  ]
}