{
  "name": "io.macaw.feature.cambium.ptp.radio.inventory",
  "sourceMechanism": "SNMP",
  "collection-target": {
    "service-name": "generic-snmp-service",
    "service-namespace": "io.macaw.services",
    "target-api": "getFeature",
    "argTypes": [
      "java.lang.String",
      "java.lang.String",
      "java.lang.String",
      "io.macaw.snmp.DeviceKey",
      "java.lang.String",
      "[Ljava.util.Map;",
      "java.util.Map"
    ],
    "args": [
      "__ENV_ID__",
      "__DEVICE_TARGET__",
      "__CREDENTIAL_ID__",
      "__DEVICE_PACKAGE_KEY__",
      "RadioStatus",
      "__INDEXES__",
      "__PROPERTY_MAP__"
    ],
    "is-component": true,
    "component-type": "device-radio",
    "component-label-field": "component"
  },
  "data-handlers": [
    {
      "id": "cambium-ptp-radio-inventory",
      "post-collection-type": "data-persistence",
      "component-definition": {
        "component-info-fields": [
          {
            "component": "physicalEntity"
          }
        ],
        "fqn-fields": [
          {
            "component": "physicalEntity"
          }
        ]
      }
    }
  ]
}