{
  "id": "4e36611a-32d6-47c2-8289-fc652d1f475f",
  "type": "DEVICE",
  "name": "NETONIX WS-12-250",
  "description": "Monitors NETONIX-WS-12-250 PARAMETERS for both AC and DC variants",
  "vendor": "Netonix",
  "osType": "*",
  "family": "Switch",
  "protocol": "*",
  "customerId": "*",
  "isDefault": true,
  "locked": false,
  "origin": "SYSTEM",
  "status": "ACTIVE",
  "createdAt": 0,
  "updatedBy": "SYSTEM",
  "updatedAt": 1545915280000,
  "features": [
    {
      "id": "device-package-memory-inventory-generic",
      "name": "Memory Inventory",
      "type": "inventory",
      "enabled": true,
      "schedule": "sys_every_1_hr",
      "scheduleLabel": "Every 1 hour"
    },
    {
      "id": "device-package-memory-monitoring-generic",
      "name": "Memory Monitoring",
      "type": "monitoring",
      "enabled": true,
      "schedule": "sys_every_5_minutes",
      "scheduleLabel": "Every 5 minutes",
      "metrics": [
        {
          "id": "device-package-memory-monitoring-generic-utilization",
          "name": "Memory Usage(%)",
          "enabled": true,
          "alerts": [
            {
              "id": "device_package_memory_monitoring_generic_utilization_alert",
              "name": "Memory Usage",
              "type": "Memory Usage",
              "category": "Memory",
              "clazz": "threshold",
              "enabled": true,
              "criteria": [
                {
                  "active": "${utilization} > ${highWaterMarkValue}",
                  "clear": "${utilization} < ${lowWaterMarkValue}",
                  "highWaterMarkPercent": 0,
                  "lowWaterMarkPercent": 0,
                  "highWaterMarkValue": 90,
                  "lowWaterMarkValue": 80,
                  "severity": "MAJOR",
                  "minimumOccurrence": 3,
                  "message": "${name} usage [${utilization}%] exceeded configured value ${highWaterMarkValue}%"
                }
              ]
            }
          ]
        }
      ]
    },
    {
      "id": "device-package-cpu-inventory",
      "name": "CPU inventory",
      "type": "inventory",
      "enabled": true,
      "schedule": "sys_every_1_hr",
      "scheduleLabel": "Every 1 hour"
    },
    {
      "id": "device-package-cpu-monitoring",
      "name": "CPU Monitoring",
      "type": "monitoring",
      "enabled": true,
      "schedule": "sys_every_5_minutes",
      "scheduleLabel": "Every 5 minutes",
      "metrics": [
        {
          "id": "device-package-cpu-monitoring-utilization",
          "name": "CPU 5 Minute Utilization(%)",
          "enabled": true,
          "alerts": [
            {
              "id": "device-package-cpu-monitoring-utilization-alert",
              "name": "CPU Utilization",
              "type": "CPU Utilization",
              "category": "CPU",
              "clazz": "threshold",
              "enabled": true,
              "criteria": [
                {
                  "active": "${utilization} > ${highWaterMarkValue}",
                  "clear": "${utilization} < ${lowWaterMarkValue}",
                  "highWaterMarkPercent": 0,
                  "lowWaterMarkPercent": 0,
                  "highWaterMarkValue": 90,
                  "lowWaterMarkValue": 85,
                  "severity": "MAJOR",
                  "minimumOccurrence": 3,
                  "message": "CPU Utilization is ${utilization}% exceeded configured value ${highWaterMarkValue}%"
                }
              ]
            }
          ]
        }
      ]
    },
    {
      "id": "device-package-disk-partition-inventory",
      "name": "Disk Inventory",
      "type": "inventory",
      "enabled": true,
      "schedule": "sys_every_1_hr",
      "scheduleLabel": "Every 1 hour"
    },
    {
      "id": "device-package-disk-partition-monitoring",
      "name": "Disk Partition Monitoring",
      "type": "monitoring",
      "enabled": true,
      "schedule": "sys_every_5_minutes",
      "scheduleLabel": "Every 5 minutes",
      "metrics": [
        {
          "id": "device-package-disk-partition-monitoring-utilization",
          "name": "Disk Partition Utilization(%)",
          "enabled": true,
          "alerts": [
            {
              "id": "device-package-disk-partition-monitoring.metric.disk.utilization.alert",
              "name": "Disk Partition Utilization Alert",
              "type": "Disk Pool Usage",
              "category": "Disk",
              "clazz": "threshold",
              "enabled": true,
              "criteria": [
                {
                  "active": "${utilization} > ${highWaterMarkValue}",
                  "clear": "${utilization} < ${lowWaterMarkValue}",
                  "highWaterMarkPercent": 0,
                  "lowWaterMarkPercent": 0,
                  "highWaterMarkValue": 90,
                  "lowWaterMarkValue": 85,
                  "severity": "MAJOR",
                  "minimumOccurrence": 3,
                  "message": "Disk utilization is ${utilization}% exceeded configured value ${highWaterMarkValue}%"
                }
              ]
            }
          ]
        }
      ]
    },
    {
      "id": "device-package-fan-inventory",
      "name": "Fan inventory",
      "type": "inventory",
      "enabled": true,
      "schedule": "sys_every_1_hr",
      "scheduleLabel": "Every 1 hour"
    },
    {
      "id": "device-package-fan-monitoring",
      "name": "Fan Status Monitoring ",
      "type": "monitoring",
      "enabled": true,
      "schedule": "sys_every_5_minutes",
      "scheduleLabel": "Every 5 minutes",
      "metrics": [
        {
          "id": "device-package-fan-monitoring-status",
          "name": "Fan Status Monitoring",
          "enabled": true,
          "alerts": [
            {
              "id": "device-package-fan-monitoring-status.alert",
              "name": "Fan Status Alert",
              "type": "Fan Status Alert",
              "category": "Fan",
              "clazz": "threshold",
              "enabled": true,
              "criteria": [
                {
                  "active": "${statusValue} != ${highWaterMarkValue}",
                  "clear": "${statusValue} == ${highWaterMarkValue}",
                  "highWaterMarkPercent": 0,
                  "lowWaterMarkPercent": 0,
                  "highWaterMarkValue": 100,
                  "lowWaterMarkValue": 100,
                  "severity": "MAJOR",
                  "minimumOccurrence": 3,
                  "message": "Fan status is ${statusString}"
                }
              ]
            }
          ]
        }
      ]
    },
    {
      "id": "device-package-temperature-inventory",
      "name": "Temperature Sensor Inventory",
      "type": "inventory",
      "enabled": true,
      "schedule": "sys_every_1_hr",
      "scheduleLabel": "Every 1 hour"
    },
    {
      "id": "device-package-temperature-monitoring",
      "name": "Temperature Monitoring",
      "type": "monitoring",
      "enabled": true,
      "schedule": "sys_every_5_minutes",
      "scheduleLabel": "Every 5 minutes",
      "metrics": [
        {
          "id": "device-package-temperature-monitoring-status",
          "name": "Temperature Monitoring Alert",
          "enabled": true,
          "alerts": [
            {
              "id": "device-package-temperature-monitoring-status.alert",
              "name": "Temperature Status Alert",
              "type": "Temperature Sensor",
              "category": "Temperature",
              "clazz": "threshold",
              "enabled": true,
              "criteria": [
                {
                  "active": "${temperatureCelsius} > ${highWaterMarkValue}",
                  "clear": "${temperatureCelsius} < ${lowWaterMarkValue}",
                  "highWaterMarkPercent": 0,
                  "lowWaterMarkPercent": 0,
                  "highWaterMarkValue": 90,
                  "lowWaterMarkValue": 80,
                  "severity": "MAJOR",
                  "minimumOccurrence": 3,
                  "message": "${label} Reading ${temperatureCelsius} Degree Celcius exceeded configured value ${highWaterMarkValue} Degree Celcius"
                }
              ]
            }
          ]
        }
      ]
    },
    {
      "id": "io.macaw.feature.voltgae.inventory",
      "name": "Voltage Sensor Inventory",
      "type": "inventory",
      "enabled": true,
      "schedule": "sys_every_1_hr",
      "scheduleLabel": "Every 1 minute"
    },
    {
      "id": "io.macaw.feature.voltgae.monitoring",
      "name": "Voltage Sensor Monitoring",
      "type": "monitoring",
      "enabled": true,
      "schedule": "sys_every_5_minutes",
      "scheduleLabel": "Every 5 minutes",
      "metrics": [
        {
          "id": "io.macaw.feature.voltage.monitoring.metric.input.voltage",
          "name": "Voltage Monitoring Alert",
          "enabled": true,
          "alerts": [
            {
              "id": "io.macaw.feature.voltage.monitoring.metric.input.voltage.alert",
              "name": "Voltage Alert",
              "type": "Voltage",
              "category": "Voltage",
              "clazz": "threshold",
              "enabled": false,
              "criteria": [
                {
                  "active": "(function(){ switch (${voltageSensorName}) { case \"Board 3V\":  data.scriptOutputs.put(\"actualWaterMarkValue\", 3.38); return ${Voltage} > 3.38; case \"Board 24V\": data.scriptOutputs.put(\"actualWaterMarkValue\", 24.6); return ${Voltage} > 24.6; case \"Board 48V\": data.scriptOutputs.put(\"actualWaterMarkValue\", 49.2); return ${Voltage} > 49.2; case \"DCDC Input Voltage\": data.scriptOutputs.put(\"actualWaterMarkValue\", 26); return ${Voltage} > 26; case \"DCDC Output Voltage\": data.scriptOutputs.put(\"actualWaterMarkValue\", 52); return ${Voltage} > 52; default: ${Voltage} > ${highWaterMarkValue}; }})()",
                  "clear": "(function(){ switch (${voltageSensorName}) { case \"Board 3V\":  data.scriptOutputs.put(\"actualWaterMarkValue\", 3.37); return ${Voltage} < 3.37; case \"Board 24V\": data.scriptOutputs.put(\"actualWaterMarkValue\", 24.48); return ${Voltage} < 24.48; case \"Board 48V\": data.scriptOutputs.put(\"actualWaterMarkValue\", 49); return ${Voltage} < 49; case \"DCDC Input Voltage\": data.scriptOutputs.put(\"actualWaterMarkValue\", 26); return ${Voltage} < 26; case \"DCDC Output Voltage\": data.scriptOutputs.put(\"actualWaterMarkValue\", 51); return ${Voltage} < 51; default: ${Voltage} < ${lowWaterMarkValue}; }}) ()",
                  "highWaterMarkPercent": 0,
                  "lowWaterMarkPercent": 0,
                  "highWaterMarkValue": 240,
                  "lowWaterMarkValue": 235,
                  "severity": "MAJOR",
                  "minimumOccurrence": 3,
                  "message": "Voltage of \"${component}\" Reading ${Voltage} exceeded configured value ${actualWaterMarkValue}%"
                }
              ]
            }
          ]
        }
      ]
    },
    {
      "id": "io.macaw.feature.device_interface_inventory",
      "name": "Interface Inventory",
      "type": "inventory",
      "enabled": true,
      "schedule": "sys_every_1_hr",
      "scheduleLabel": "Every 1 hour"
    },
    {
      "id": "io.macaw.feature.device_interface_monitoring",
      "name": "Interface Monitoring",
      "type": "monitoring",
      "enabled": true,
      "schedule": "sys_every_5_minutes",
      "scheduleLabel": "Every 5 minutes",
      "contextType": "Interface",
      "contextId": "UP-Interfaces",
      "metrics": [
        {
          "id": "io.macaw.feature.device_interface_monitoring.metric.packetdrops",
          "name": "Interface Packet Drops",
          "enabled": true,
          "alerts": [
            {
              "id": "io.macaw.feature.device_interface_monitoring.metric.packetdrops.totalErrors.alert",
              "name": "Interface Packet Errors(%)",
              "type": "Interface Packet Errors(%)",
              "category": "Interface",
              "clazz": "threshold",
              "enabled": false,
              "criteria": [
                {
                  "active": "(${totalIfErrorsPercent} > ${highWaterMarkValue})",
                  "clear": "",
                  "highWaterMarkPercent": 0,
                  "lowWaterMarkPercent": 0,
                  "highWaterMarkValue": 30,
                  "lowWaterMarkValue": 0,
                  "severity": "MAJOR",
                  "minimumOccurrence": 1,
                  "message": "Interface \"${ifDescr}\" packet errors[${totalIfErrorsPercent}%] exceeded configured value ${highWaterMarkValue}%"
                }
              ]
            },
            {
              "id": "io.macaw.feature.device_interface_monitoring.metric.packetdrops.totalDiscards.alert",
              "name": "Interface Packet Discards(%)",
              "type": "Interface Packet Discards(%)",
              "category": "Interface",
              "clazz": "threshold",
              "enabled": false,
              "criteria": [
                {
                  "active": "(${totalIfDiscardsPercent}  > ${highWaterMarkValue})",
                  "clear": "",
                  "highWaterMarkPercent": 0,
                  "lowWaterMarkPercent": 0,
                  "highWaterMarkValue": 30,
                  "lowWaterMarkValue": 0,
                  "severity": "MAJOR",
                  "minimumOccurrence": 1,
                  "message": "Interface \"${ifDescr}\" packet discards[${totalIfDiscardsPercent}%] exceeded configured value ${highWaterMarkValue}%"
                }
              ]
            }
          ]
        },
        {
          "id": "io.macaw.feature.device_interface_monitoring.metric.utilization",
          "name": "Interface In Bits Utilization(%)",
          "enabled": true,
          "alerts": [
            {
              "id": "io.macaw.feature.device_interface_monitoring.metric.utilizationIn.alert",
              "name": "Interface In Bit Utilization",
              "type": "Interface In Bit Utilization",
              "category": "Interface",
              "clazz": "threshold",
              "enabled": true,
              "criteria": [
                {
                  "active": "${utilizationIn} > ${highWaterMarkValue}",
                  "clear": "${utilizationIn} < ${lowWaterMarkValue}",
                  "highWaterMarkPercent": 0,
                  "lowWaterMarkPercent": 0,
                  "highWaterMarkValue": 90,
                  "lowWaterMarkValue": 80,
                  "severity": "MAJOR",
                  "minimumOccurrence": 3,
                  "message": "Interface \"${ifDescr}\" In Bit utilization [${utilizationIn}%] exceeded configured threshold ${highWaterMarkValue}%"
                }
              ]
            },
            {
              "id": "io.macaw.feature.device_interface_monitoring.metric.utilizationOut.alert",
              "name": "Interface Out Bit Utilization",
              "type": "Interface Out Bit Utilization",
              "category": "Interface",
              "clazz": "threshold",
              "enabled": true,
              "criteria": [
                {
                  "active": "${utilizationOut} > ${highWaterMarkValue}",
                  "clear": "${utilizationOut} < ${lowWaterMarkValue}",
                  "highWaterMarkPercent": 0,
                  "lowWaterMarkPercent": 0,
                  "highWaterMarkValue": 90,
                  "lowWaterMarkValue": 80,
                  "severity": "MAJOR",
                  "minimumOccurrence": 3,
                  "message": "Interface \"${ifDescr}\" Out Bit utilization [${utilizationOut}%] exceeded configured threshold ${highWaterMarkValue}%"
                }
              ]
            }
          ]
        },
        {
          "id": "io.macaw.feature.device_interface_monitoring.metric.operStatus",
          "name": "Interface Operational State",
          "enabled": true,
          "alerts": [
            {
              "id": "io.macaw.feature.device_interface_monitoring.metric.operStatus.alert",
              "name": "Interface Operational State",
              "type": "Interface Operational State",
              "category": "Interface",
              "clazz": "threshold",
              "enabled": true,
              "criteria": [
                {
                  "active": "${ifOperStatus} != ${highWaterMarkValue}",
                  "clear": "${ifOperStatus} == ${highWaterMarkValue}",
                  "highWaterMarkPercent": 0,
                  "lowWaterMarkPercent": 0,
                  "highWaterMarkValue": 1,
                  "lowWaterMarkValue": 1,
                  "severity": "MAJOR",
                  "minimumOccurrence": 3,
                  "message": "Interface \"${ifDescr}\" is down"
                }
              ]
            }
          ]
        }
      ]
    },
    {
      "id": "io.macaw.feature.device_info_inventory",
      "name": "Device Inventory",
      "type": "inventory",
      "enabled": true,
      "schedule": "sys_every_1_hr",
      "scheduleLabel": "Every 1 hour"
    },
    {
      "id": "io.macaw.feature.device_availability",
      "name": "Device Availability",
      "type": "reachability",
      "enabled": true,
      "schedule": "sys_every_3_minutes",
      "scheduleLabel": "Every 3 minutes",
      "metrics": [
        {
          "id": "io.macaw.feature.device_avalability.metric.availability_percent",
          "name": "Device Availability(%)",
          "enabled": true
        },
        {
          "id": "io.macaw.feature.device_avalability.metric.reachability_percent",
          "name": "SNMP Device Reachability(%)",
          "enabled": true,
          "alerts": [
            {
              "id": "io.macaw.feature.brocade_device_availability.metric.reachability_percent.alert",
              "name": "SNMP Device Reachability(%)",
              "type": "SNMP Device Reachability(%)",
              "category": "Device",
              "clazz": "threshold",
              "enabled": true,
              "criteria": [
                {
                  "active": "${reachabilityStatus} != ${highWaterMarkValue}",
                  "clear": "${reachabilityStatus} == ${highWaterMarkValue}",
                  "highWaterMarkPercent": 0,
                  "lowWaterMarkPercent": 0,
                  "highWaterMarkValue": 100,
                  "lowWaterMarkValue": 0,
                  "severity": "CRITICAL",
                  "minimumOccurrence": 3,
                  "message": "Device is unreachable via SNMP"
                }
              ]
            }
          ]
        }
      ]
    },
    {
      "id": "io.macaw.feature.icmp_device_availability",
      "name": "ICMP Device Availability",
      "type": "reachability",
      "enabled": true,
      "schedule": "sys_every_1_minute",
      "scheduleLabel": "Every 1 minute",
      "metrics": [
        {
          "id": "io.macaw.feature.icmp_device_availability.metric.reachability",
          "name": "ICMP Device Reachability(%)",
          "enabled": true,
          "alerts": [
            {
              "id": "io.macaw.feature.icmp_device_availability.metric.reachability.alert",
              "name": "ICMP Device Reachability(%)",
              "type": "ICMP Device Reachability(%)",
              "category": "Device",
              "clazz": "threshold",
              "enabled": true,
              "criteria": [
                {
                  "active": "${reachabilityStatus} != ${highWaterMarkValue}",
                  "clear": "${reachabilityStatus} == ${highWaterMarkValue}",
                  "highWaterMarkPercent": 0,
                  "lowWaterMarkPercent": 0,
                  "highWaterMarkValue": 100,
                  "lowWaterMarkValue": 100,
                  "severity": "CRITICAL",
                  "minimumOccurrence": 3,
                  "message": "Device is unreachable via ICMP"
                }
              ]
            }
          ]
        }
      ]
    }
  ]
}