{
			"name": "com.cfx.device.qos.trend.CAMBIUM_RECIEVE_LEVEL_MONITORING",
			"context-type": "com.cfx.monsanto.device.inventory",
			"impl-class": "com.cfx.indigo.portal.reports.DeviceQOSUsageTrendReport",
			"report-generator-type": "com.cfx.report.generator.type.linechart",
			"sql": {
				"dialect": "influx"
			}
		},
		{
			"name": "com.cfx.device.qos.trend.CAMBIUM_COMMUNICATION_STATUS_MONITORING",
			"context-type": "com.cfx.monsanto.device.inventory",
			"impl-class": "com.cfx.indigo.portal.reports.DeviceQOSUsageTrendReport",
			"report-generator-type": "com.cfx.report.generator.type.linechart",
			"sql": {
				"dialect": "influx"
			}
		},
		{
			"name": "com.cfx.device.qos.trend.CAMBIUM_RADIO_MSE_STATUS_MONITORING",
			"context-type": "com.cfx.monsanto.device.inventory",
			"impl-class": "com.cfx.indigo.portal.reports.DeviceQOSUsageTrendReport",
			"report-generator-type": "com.cfx.report.generator.type.linechart",
			"sql": {
				"dialect": "influx"
			}
		},