{
      "id": "cambium_device_rfu_receive_status_trending",
      "definition": {
        "widgetId": "cambium_device_rfu_receive_status_trending",
        "id": "adaptive_line_chart_count",
        "name": "Receive Level Status Trending",
        "type": "CHART",
        "contexts": {
          "reportId": "com.cfx.device.qos.trend.CAMBIUM_RECIEVE_LEVEL_MONITORING"
        }
      },
      "criteria": {
        "operator": "AND",
        "conditions": [
          {
            "operator": "AND",
            "conditions": [
              {
                "key": "vendor",
                "value": "Cambium",
                "operator": "EQUALS"
              }
            ]
          },
          {
            "operator": "OR",
            "conditions": [
              {
                "key": "assetType",
                "value": "INFRA_ACCOUNT",
                "operator": "EQUALS"
              },
              {
                "key": "assetType",
                "value": "HOST",
                "operator": "EQUALS"
              }
            ]
          }
        ]
      },
      "rowSpan": 4,
      "heightType": "TYPE_3",
      "type": "CHART",
      "subType": "TREND_CHART",
      "priority": 6
    },
    {
      "id": "cambium_device_rfu_communication_status_trending",
      "definition": {
        "widgetId": "cambium_device_rfu_communication_status_trending",
        "id": "trending_chart",
        "name": "Communication Status Trending",
        "type": "CHART",
        "contexts": {
          "reportId": "com.cfx.device.qos.trend.CAMBIUM_COMMUNICATION_STATUS_MONITORING"
        }
      },
      "criteria": {
        "operator": "AND",
        "conditions": [
          {
            "operator": "AND",
            "conditions": [
              {
                "key": "vendor",
                "value": "Cambium",
                "operator": "EQUALS"
              }
            ]
          },
          {
            "operator": "OR",
            "conditions": [
              {
                "key": "assetType",
                "value": "INFRA_ACCOUNT",
                "operator": "EQUALS"
              },
              {
                "key": "assetType",
                "value": "HOST",
                "operator": "EQUALS"
              }
            ]
          }
        ]
      },
      "rowSpan": 4,
      "heightType": "TYPE_3",
      "type": "CHART",
      "subType": "TREND_CHART",
      "priority": 6
    },
    {
      "id": "cambium_device_radio_mse_status_trending",
      "definition": {
        "widgetId": "cambium_device_radio_mse_status_trending",
        "id": "adaptive_line_chart_count",
        "name": "Radio MeanSquareError Trending",
        "type": "CHART",
        "contexts": {
          "reportId": "com.cfx.device.qos.trend.CAMBIUM_RADIO_MSE_STATUS_MONITORING"
        }
      },
      "criteria": {
        "operator": "AND",
        "conditions": [
          {
            "operator": "AND",
            "conditions": [
              {
                "key": "vendor",
                "value": "Cambium",
                "operator": "EQUALS"
              }
            ]
          },
          {
            "operator": "OR",
            "conditions": [
              {
                "key": "assetType",
                "value": "INFRA_ACCOUNT",
                "operator": "EQUALS"
              },
              {
                "key": "assetType",
                "value": "HOST",
                "operator": "EQUALS"
              }
            ]
          }
        ]
      },
      "rowSpan": 4,
      "heightType": "TYPE_3",
      "type": "CHART",
      "subType": "TREND_CHART",
      "priority": 6
    },