{
  "id": "d4390acb-74ed-4e5c-88b1-9fbedaf5111a",
  "type": "DEVICE",
  "name": "Cambium PTP",
  "description": "Monitors Cambium devices for PTP Model's 820S and 820C parameters",
  "vendor": "Cambium",
  "osType": "*",
  "family": "BackHaul",
  "protocol": "*",
  "customerId": "*",
  "isDefault": true,
  "locked": true,
  "origin": "SYSTEM",
  "status": "ACTIVE",
  "createdAt": 0,
  "updatedBy": "SYSTEM",
  "updatedAt": 1544689900000,
  "features": [
    {
      "id": "io.macaw.feature.cambium.ptp.communication.inventory",
      "name": "Radio Communication Inventory",
      "type": "inventory",
      "enabled": true,
      "schedule": "sys_every_1_hr",
      "scheduleLabel": "Every 1 hour"
    },
    {
      "id": "io.macaw.feature.cambium.ptp.communication.monitoring",
      "name": "Radio Communication Status Monitoring",
      "type": "monitoring",
      "enabled": true,
      "schedule": "sys_every_5_minutes",
      "scheduleLabel": "Every 5 minutes",
      "metrics": [
        {
          "id": "io.macaw.feature.cambium.ptp.communication.monitoring.metric",
          "name": "Radio Communication Status Monitoring",
          "enabled": true,
          "alerts": [
            {
              "id": "io.macaw.feature.cambium.ptp.communication.monitoring.metric.alert",
              "name": "Radio Communication Status",
              "type": "Radio Communication",
              "category": "Communication",
              "clazz": "threshold",
              "enabled": true,
              "criteria": [
                {
                  "active": "${Communication} != ${highWaterMarkValue}",
                  "clear": "${Communication} == ${highWaterMarkValue}",
                  "highWaterMarkPercent": 0,
                  "lowWaterMarkPercent": 0,
                  "highWaterMarkValue": 100,
                  "lowWaterMarkValue": 100,
                  "severity": "MAJOR",
                  "minimumOccurrence": 3,
                  "message": "Radio Communication status ${label} is ${statusString}"
                }
              ]
            }
          ]
        }
      ]
    },
	{
      "id": "io.macaw.feature.cambium.ptp.rx.level.inventory",
      "name": "Receive Level Inventory",
      "type": "inventory",
      "enabled": true,
      "schedule": "sys_every_1_hr",
      "scheduleLabel": "Every 1 hour"
    },
    {
      "id": "io.macaw.feature.cambium.ptp.rx.level.monitoring",
      "name": "Receive Level Monitoring",
      "type": "monitoring",
      "enabled": true,
      "schedule": "sys_every_5_minutes",
      "scheduleLabel": "Every 5 minutes",
      "metrics": [
        {
          "id": "io.macaw.feature.cambium.ptp.rx.level.monitoring.metric",
          "name": "Receive Level Monitoring",
          "enabled": true,
          "alerts": [
            {
              "id": "io.macaw.feature.cambium.ptp.rx.level.monitoring.metric.alert",
              "name": "Receive Level Status",
              "type": "Receive Level",
              "category": "Receive Level",
              "clazz": "threshold",
              "enabled": true,
              "criteria": [
                {
                  "active": "${rxlevel} > ${highWaterMarkValue}",
                  "clear": "${rxlevel} < ${highWaterMarkValue}",
                  "highWaterMarkPercent": 0,
                  "lowWaterMarkPercent": 0,
                  "highWaterMarkValue": 90,
                  "lowWaterMarkValue": 80,
                  "severity": "MAJOR",
                  "minimumOccurrence": 3,
                  "message": "Receive level of ${label} is [${rxlevel}] exceeds the configured ${highWaterMarkValue} "
                }
              ]
            }
          ]
        }
      ]
    },
    {
      "id": "io.macaw.feature.cambium.ptp.radio.inventory",
      "name": "Radio Inventory",
      "type": "inventory",
      "enabled": true,
      "schedule": "sys_every_1_minute",
      "scheduleLabel": "Every 1 minute"
    },
    {
      "id": "io.macaw.feature.cambium.ptp.radio.monitoring",
      "name": "Radio Monitoring",
      "type": "monitoring",
      "enabled": true,
      "schedule": "sys_every_5_minutes",
      "scheduleLabel": "Every 5 minutes",
      "metrics": [
        {
          "id": "io.macaw.feature.cambium.ptp.radio.monitoring.metric.status.mse",
          "name": "Radio Mean Square Error",
          "enabled": true,
          "alerts": [
            {
              "id": "io.macaw.feature.cambium.ptp.radio.monitoring.metric.status.mse.alert",
              "name": "Radio Mean Square Error",
              "type": "Radio Mean Square Error",
              "category": "Radio Mean Square Error",
              "clazz": "threshold",
              "enabled": true,
              "criteria": [
                {
                  "active": "${RadioMSE} > ${highWaterMarkValue}",
                  "clear": "${RadioMSE} < ${lowWaterMarkValue}",
                  "highWaterMarkPercent": 0,
                  "lowWaterMarkPercent": 0,
                  "highWaterMarkValue": 1,
                  "lowWaterMarkValue": 0,
                  "severity": "MAJOR",
                  "minimumOccurrence": 3,
                  "message": "Radio Mean Square Error [${RadioMSE}] exceeds the configured ${highWaterMarkValue}"
                }
              ]
            }
          ]
        }
      ]
    },
    {
      "id": "io.macaw.feature.voltgae.inventory",
      "name": "Voltage Inventory",
      "type": "inventory",
      "enabled": true,
      "schedule": "sys_every_1_hr",
      "scheduleLabel": "Every 1 hour"
    },
    {
      "id": "io.macaw.feature.voltgae.monitoring",
      "name": "Voltage Monitoting",
      "type": "monitoring",
      "enabled": true,
      "schedule": "sys_every_5_minutes",
      "scheduleLabel": "Every 5 minutes",
      "metrics": [
        {
          "id": "io.macaw.feature.voltage.monitoring.metric.input.voltage",
          "name": "Voltage Monitoring",
          "enabled": true,
          "alerts": [
            {
              "id": "io.macaw.feature.voltage.monitoring.metric.input.voltage.alert",
              "name": "Input Voltage Alert",
              "type": "Voltage Alert",
              "category": "Voltage Alert",
              "clazz": "threshold",
              "enabled": false,
              "criteria": [
                {
                  "active": "${Voltage}>${highWaterMarkValue}",
                  "clear": "${Voltage}< ${lowWaterMarkValue}",
                  "highWaterMarkPercent": 0,
                  "lowWaterMarkPercent": 0,
                  "highWaterMarkValue": 240,
                  "lowWaterMarkValue": 234,
                  "severity": "MAJOR",
                  "minimumOccurrence": 3,
                  "message": "${component} status is [${Voltage}V] exceeds configured value ${highWaterMarkValue}V"
                }
              ]
            }
          ]
        }
      ]
    },
    {
      "id": "device-package-temperature-inventory",
      "name": "Temperature Inventory",
      "type": "inventory",
      "enabled": true,
      "schedule": "sys_every_1_hr",
      "scheduleLabel": "Every 1 hour"
    },
    {
      "id": "device-package-temperature-monitoring",
      "name": "Temperature Status Monitoring",
      "type": "monitoring",
      "enabled": true,
      "schedule": "sys_every_5_minutes",
      "scheduleLabel": "Every 5 minutes",
      "metrics": [
        {
          "id": "device-package-temperature-monitoring-status",
          "name": "Temperature Status Monitoring",
          "enabled": true,
          "alerts": [
            {
              "id": "device_package_temperature_monitoring_alert",
              "name": "Temperature Status",
              "type": "Sensor",
              "category": "Sensor",
              "clazz": "threshold",
              "enabled": true,
              "criteria": [
                {
                  "active": "${temperatureCelsius} > ${highWaterMarkValue}",
                  "clear": "${temperatureCelsius} < ${highWaterMarkValue}",
                  "highWaterMarkPercent": 0,
                  "lowWaterMarkPercent": 0,
                  "highWaterMarkValue": 100,
                  "lowWaterMarkValue": 100,
                  "severity": "MAJOR",
                  "minimumOccurrence": 3,
                  "message": "${label} Reading is ${temperatureCelsius} Degree Celcius exceeded configured value ${highWaterMarkValue} Degree Celcius"
                }
              ]
            }
          ]
        }
      ]
    },
	{
      "id": "io.macaw.feature.device_info_inventory",
      "name": "Device Inventory",
      "type": "inventory",
      "enabled": true,
      "schedule": "sys_every_1_hr",
      "scheduleLabel": "Every 1 hour"
    },
	{
      "id": "io.macaw.feature.device_interface_inventory",
      "name": "Interface Inventory",
      "type": "inventory",
      "enabled": true,
      "schedule": "sys_every_1_hr",
      "scheduleLabel": "Every 1 hour"
    },
    {
      "id": "io.macaw.feature.interface.management",
      "name": "Interface Management",
      "type": "monitoring",
      "enabled": true,
      "schedule": "sys_every_4_hours",
      "scheduleLabel": "Every 4 hours",
      "contextType": "Interface",
      "contextId": "Managed-Interfaces"
    },
    {
      "id": "io.macaw.feature.device_interface_monitoring",
      "name": "Interface Monitoring",
      "type": "monitoring",
      "enabled": true,
      "schedule": "sys_every_5_minutes",
      "scheduleLabel": "Every 5 minutes",
      "contextType": "Interface",
      "contextId": "UP-Interfaces",
      "metrics": [
        {
          "id": "io.macaw.feature.device_interface_monitoring.metric.packetdrops",
          "name": "Interface Packet Drops",
          "enabled": true,
          "alerts": [
            {
              "id": "io.macaw.feature.device_interface_monitoring.metric.packetdrops.totalErrors.alert",
              "name": "Interface Packet Errors(%)",
              "type": "Interface Packet Errors(%)",
              "category": "Interface",
              "clazz": "threshold",
              "enabled": false,
              "criteria": [
                {
                  "active": "(${totalIfErrorsPercent} > ${highWaterMarkValue})",
                  "clear": "",
                  "highWaterMarkPercent": 0,
                  "lowWaterMarkPercent": 0,
                  "highWaterMarkValue": 30,
                  "lowWaterMarkValue": 0,
                  "severity": "MAJOR",
                  "minimumOccurrence": 1,
                  "message": "Interface \"${ifDescr}\" packet errors[${totalIfErrorsPercent}%] exceeded configured value ${highWaterMarkValue}%"
                }
              ]
            },
            {
              "id": "io.macaw.feature.device_interface_monitoring.metric.packetdrops.totalDiscards.alert",
              "name": "Interface Packet Discards(%)",
              "type": "Interface Packet Discards(%)",
              "category": "Interface",
              "clazz": "threshold",
              "enabled": false,
              "criteria": [
                {
                  "active": "(${totalIfDiscardsPercent}  > ${highWaterMarkValue})",
                  "clear": "",
                  "highWaterMarkPercent": 0,
                  "lowWaterMarkPercent": 0,
                  "highWaterMarkValue": 30,
                  "lowWaterMarkValue": 0,
                  "severity": "MAJOR",
                  "minimumOccurrence": 1,
                  "message": "Interface \"${ifDescr}\" packet discards[${totalIfDiscardsPercent}%] exceeded configured value ${highWaterMarkValue}%"
                }
              ]
            }
          ]
        },
        {
          "id": "io.macaw.feature.device_interface_monitoring.metric.utilization",
          "name": "Interface In Bits Utilization(%)",
          "enabled": true,
          "alerts": [
            {
              "id": "io.macaw.feature.device_interface_monitoring.metric.utilizationIn.alert",
              "name": "Interface In Bit Utilization",
              "type": "Interface In Bit Utilization",
              "category": "Interface",
              "clazz": "threshold",
              "enabled": true,
              "criteria": [
                {
                  "active": "${utilizationIn} > ${highWaterMarkValue}",
                  "clear": "${utilizationIn} < ${lowWaterMarkValue}",
                  "highWaterMarkPercent": 0,
                  "lowWaterMarkPercent": 0,
                  "highWaterMarkValue": 90,
                  "lowWaterMarkValue": 80,
                  "severity": "MAJOR",
                  "minimumOccurrence": 3,
                  "message": "Interface \"${ifDescr}\" In Bit utilization [${utilizationIn}%] exceeded configured threshold ${highWaterMarkValue}%"
                }
              ]
            },
            {
              "id": "io.macaw.feature.device_interface_monitoring.metric.utilizationOut.alert",
              "name": "Interface Out Bit Utilization",
              "type": "Interface Out Bit Utilization",
              "category": "Interface",
              "clazz": "threshold",
              "enabled": true,
              "criteria": [
                {
                  "active": "${utilizationOut} > ${highWaterMarkValue}",
                  "clear": "${utilizationOut} < ${lowWaterMarkValue}",
                  "highWaterMarkPercent": 0,
                  "lowWaterMarkPercent": 0,
                  "highWaterMarkValue": 90,
                  "lowWaterMarkValue": 80,
                  "severity": "MAJOR",
                  "minimumOccurrence": 3,
                  "message": "Interface \"${ifDescr}\" Out Bit utilization [${utilizationOut}%] exceeded configured threshold ${highWaterMarkValue}%"
                }
              ]
            }
          ]
        },
        {
          "id": "io.macaw.feature.device_interface_monitoring.metric.operStatus",
          "name": "Interface Operational State",
          "enabled": true,
          "alerts": [
            {
              "id": "io.macaw.feature.device_interface_monitoring.metric.operStatus.alert",
              "name": "Interface Operational State",
              "type": "Interface Operational State",
              "category": "Interface",
              "clazz": "threshold",
              "enabled": true,
              "criteria": [
                {
                  "active": "${ifOperStatus} != ${highWaterMarkValue}",
                  "clear": "${ifOperStatus} == ${highWaterMarkValue}",
                  "highWaterMarkPercent": 0,
                  "lowWaterMarkPercent": 0,
                  "highWaterMarkValue": 1,
                  "lowWaterMarkValue": 1,
                  "severity": "MAJOR",
                  "minimumOccurrence": 3,
                  "message": "Interface \"${ifDescr}\" is down"
                }
              ]
            }
          ]
        }
      ]
    },
    {
      "id": "io.macaw.feature.device_availability",
      "name": "Device Availability",
      "type": "reachability",
      "enabled": true,
      "schedule": "sys_every_3_minutes",
      "scheduleLabel": "Every 3 minutes",
      "metrics": [
        {
          "id": "io.macaw.feature.device_avalability.metric.availability_percent",
          "name": "Device Availability(%)",
          "enabled": true
        },
        {
          "id": "io.macaw.feature.device_avalability.metric.reachability_percent",
          "name": "SNMP Device Reachability(%)",
          "enabled": true,
          "alerts": [
            {
              "id": "io.macaw.feature.brocade_device_availability.metric.reachability_percent.alert",
              "name": "SNMP Device Reachability(%)",
              "type": "SNMP Device Reachability(%)",
              "category": "Device",
              "clazz": "threshold",
              "enabled": true,
              "criteria": [
                {
                  "active": "${reachabilityStatus} != ${highWaterMarkValue}",
                  "clear": "${reachabilityStatus} == ${highWaterMarkValue}",
                  "highWaterMarkPercent": 0,
                  "lowWaterMarkPercent": 0,
                  "highWaterMarkValue": 100,
                  "lowWaterMarkValue": 0,
                  "severity": "CRITICAL",
                  "minimumOccurrence": 3,
                  "message": "Device is unreachable via SNMP"
                }
              ]
            }
          ]
        }
      ]
    },
	{
      "id": "io.macaw.feature.icmp_device_availability",
      "name": "ICMP Device Availability",
      "type": "reachability",
      "enabled": true,
      "schedule": "sys_every_1_minute",
      "scheduleLabel": "Every 1 minute",
      "metrics": [
        {
          "id": "io.macaw.feature.icmp_device_availability.metric.reachability",
          "name": "ICMP Device Reachability(%)",
          "enabled": true,
          "alerts": [
            {
              "id": "io.macaw.feature.icmp_device_availability.metric.reachability.alert",
              "name": "ICMP Device Reachability(%)",
              "type": "ICMP Device Reachability(%)",
              "category": "Device",
              "clazz": "threshold",
              "enabled": true,
              "criteria": [
                {
                  "active": "${reachabilityStatus} != ${highWaterMarkValue}",
                  "clear": "${reachabilityStatus} == ${highWaterMarkValue}",
                  "highWaterMarkPercent": 0,
                  "lowWaterMarkPercent": 0,
                  "highWaterMarkValue": 100,
                  "lowWaterMarkValue": 100,
                  "severity": "CRITICAL",
                  "minimumOccurrence": 3,
                  "message": "Device is unreachable via ICMP"
                }
              ]
            }
          ]
        }
      ]
    }
  ]
}