{
  "device-key": [
    {
      "vendor": "Avaya",
      "model": "*",
      "osType": "*",
      "version": "*",
      "family": "Switch"
    }
  ],
  "feature-entities": {
    "CPUInventory": {
      "entityType": "SCALAR",
      "properties": [],
      "queries": [
        {
          "name": "Cpu",
          "queryType": "GET",
          "fields": [
            {
              "description": "Avaya Switch System CPU Usage",
              "name": "AvSysCpuUsage",
              "oid": ".1.3.6.1.4.1.2272.1.1.20.0",
              "type": "int32"
            }
          ]
        }
      ],
      "computation": {
        "scriptName": "Avaya-Switch-Cpu.js"
      }
    },
    "CPUMonitoring": {
      "entityType": "SCALAR",
      "properties": [],
      "queries": [
        {
          "name": "Cpu",
          "queryType": "GET",
          "fields": [
            {
              "description": "Avaya Switch System CPU Usage",
              "name": "AvSysCpuUsage",
              "oid": ".1.3.6.1.4.1.2272.1.1.20.0",
              "type": "int32"
            }
          ]
        }
      ],
      "computation": {
        "scriptName": "Avaya-Switch-Cpu.js"
      }
    },
    "EnvMon": {
      "entityType": "SCALAR",
      "properties": [],
      "queries": [
        {
          "name": "EnvMon",
          "queryType": "GET",
          "fields": [
            {
              "description": "Device System Version",
              "name": "AvSysVersion",
              "oid": ".1.3.6.1.4.1.2272.1.1.7.0",
              "type": "int32"
            }
          ]
        }
      ],
      "computation": {
        "scriptName": "Avaya-Switch-EnvMon.js"
      }
    },
    "DiskInventory": {
      "entityType": "SCALAR",
      "properties": [],
      "queries": [
        {
          "name": "Disk_Flash",
          "queryType": "GET",
          "fields": [
            {
              "description": "Flash Free",
              "name": "AvSysFlashFree",
              "oid": ".1.3.6.1.4.1.2272.1.16.10.0",
              "type": "int32"
            },
            {
              "description": "Flash Used",
              "name": "AvSysFlashUsage",
              "oid": ".1.3.6.1.4.1.2272.1.16.11.0",
              "type": "int32"
            }
          ]
        },
        {
          "name": "Disk_PCM",
          "queryType": "GET",
          "fields": [
            {
              "description": "PCMCIA Used",
              "name": "AvSysPCMUsed",
              "oid": ".1.3.6.1.4.1.2272.1.16.12.0",
              "type": "int32"
            },
            {
              "description": "PCMCIA Free",
              "name": "AvSysPCMFree",
              "oid": ".1.3.6.1.4.1.2272.1.16.13.0",
              "type": "int32"
            }
          ]
        },
        {
          "name": "Disk_NVME",
          "queryType": "GET",
          "fields": [
            {
              "description": "NVME Used",
              "name": "AvSysNVMESize",
              "oid": ".1.3.6.1.4.1.2272.1.1.16.0",
              "type": "int32"
            },
            {
              "description": "NVME Free",
              "name": "AvSysNVMEUsed",
              "oid": ".1.3.6.1.4.1.2272.1.1.17.0",
              "type": "int32"
            }
          ]
        }
      ],
      "computation": {
        "scriptName": "Avaya-Switch-Disk.js"
      }
    },
    "DiskMonitoring": {
      "entityType": "SCALAR",
      "properties": [],
      "queries": [
        {
          "name": "Disk_Flash",
          "queryType": "GET",
          "fields": [
            {
              "description": "Flash Free",
              "name": "AvSysFlashFree",
              "oid": ".1.3.6.1.4.1.2272.1.16.10.0",
              "type": "int32"
            },
            {
              "description": "Flash Used",
              "name": "AvSysFlashUsage",
              "oid": ".1.3.6.1.4.1.2272.1.16.11.0",
              "type": "int32"
            }
          ]
        },
        {
          "name": "Disk_PCM",
          "queryType": "GET",
          "fields": [
            {
              "description": "PCMCIA Used",
              "name": "AvSysPCMUsed",
              "oid": ".1.3.6.1.4.1.2272.1.16.12.0",
              "type": "int32"
            },
            {
              "description": "PCMCIA Free",
              "name": "AvSysPCMFree",
              "oid": ".1.3.6.1.4.1.2272.1.16.13.0",
              "type": "int32"
            }
          ]
        },
        {
          "name": "Disk_NVME",
          "queryType": "GET",
          "fields": [
            {
              "description": "NVME Used",
              "name": "AvSysNVMESize",
              "oid": ".1.3.6.1.4.1.2272.1.1.16.0",
              "type": "int32"
            },
            {
              "description": "NVME Free",
              "name": "AvSysNVMEUsed",
              "oid": ".1.3.6.1.4.1.2272.1.1.17.0",
              "type": "int32"
            }
          ]
        }
      ],
      "computation": {
        "scriptName": "Avaya-Switch-Disk.js"
      }
    },
    "FanInventory": {
      "entityType": "VECTOR",
      "properties": [],
      "queries": [
        {
          "name": "FanTable",
          "queryType": "TABLE",
          "fields": [
            {
              "description": "ID of the Fan",
              "name": "AvSysFanID",
              "oid": ".1.3.6.1.4.1.2272.1.4.7.1.1.1",
              "type": "int32"
            },
            {
              "description": "Status of Operating Fan",
              "name": "AvfanStatus",
              "oid": ".1.3.6.1.4.1.2272.1.4.7.1.1.2",
              "type": "int32"
            }
          ]
        }
      ],
      "computation": {
        "scriptName": "Avaya-Switch-FanSensorTable.js"
      }
    },
    "TemperatureInventory": {
      "entityType": "VECTOR",
      "properties": [],
      "queries": [
        {
          "name": "TemperatureTable",
          "queryType": "TABLE",
          "fields": [
            {
              "description": "ID of the Temperature sensor",
              "name": "AvSysTempSensorID",
              "oid": ".1.3.6.1.4.1.2272.1.4.7.1.1.1",
              "type": "int32"
            },
            {
              "description": "Value of Temperature sensor in Celsius",
              "name": "AvSysTempSensorValue",
              "oid": ".1.3.6.1.4.1.2272.1.4.7.1.1.3",
              "type": "int32"
            }
          ]
        }
      ],
      "computation": {
        "scriptName": "Avaya-Switch-TempSensorTable.js"
      }
    },
    "PowerSupplyInventory": {
      "entityType": "VECTOR",
      "properties": [],
      "queries": [
        {
          "name": "PowerSupplyTable",
          "queryType": "TABLE",
          "fields": [
            {
              "description": "ID of the Powersupply",
              "name": "PowerSupplySensorID",
              "oid": ".1.3.6.1.4.1.2272.1.4.8.1.1.1",
              "type": "int32"
            },
            {
              "description": "Status of Power Supply",
              "name": "PowerSupplyStatus",
              "oid": ".1.3.6.1.4.1.2272.1.4.8.1.1.2",
              "type": "int32"
            }
          ]
        }
      ],
      "computation": {
        "scriptName": "Avaya-Switch-PowerSupplyTable.js"
      }
    },
    "MemoryInventory": {
      "entityType": "SCALAR",
      "properties": [],
      "queries": [
        {
          "name": "Memory",
          "queryType": "GET",
          "fields": [
            {
              "description": "System Memory Size",
              "name": "AvSysMemSize",
              "oid": ".1.3.6.1.4.1.2272.1.1.46.0",
              "type": "int32"
            },
            {
              "description": "System Memory Used",
              "name": "AvSysMemUsed",
              "oid": ".1.3.6.1.4.1.2272.1.1.47.0",
              "type": "int32"
            },
            {
              "description": "System Memory Free",
              "name": "AvSysMemFree",
              "oid": ".1.3.6.1.4.1.2272.1.1.48.0",
              "type": "int32"
            }
          ]
        }
      ],
      "computation": {
        "scriptName": "Avaya-Switch-Memory.js"
      }
    },
    "MemoryMonitoring": {
      "entityType": "SCALAR",
      "properties": [],
      "queries": [
        {
          "name": "Memory",
          "queryType": "GET",
          "fields": [
            {
              "description": "System Memory Size",
              "name": "AvSysMemSize",
              "oid": ".1.3.6.1.4.1.2272.1.1.46.0",
              "type": "int32"
            },
            {
              "description": "System Memory Used",
              "name": "AvSysMemUsed",
              "oid": ".1.3.6.1.4.1.2272.1.1.47.0",
              "type": "int32"
            },
            {
              "description": "System Memory Free",
              "name": "AvSysMemFree",
              "oid": ".1.3.6.1.4.1.2272.1.1.48.0",
              "type": "int32"
            }
          ]
        }
      ],
      "computation": {
        "scriptName": "Avaya-Switch-Memory.js"
      }
    },
    "InterfaceInventory": {
      "entityType": "VECTOR",
      "properties": [],
      "queries": [
        {
          "name": "ifEntry",
          "queryType": "TABLE",
          "useSelectiveIndex": false,
          "fields": [
            {
              "type": "int32",
              "description": "A unique value for each interface.  Its value ranges between 1 and the value of ifNumber.",
              "oid": ".1.3.6.1.2.1.2.2.1.1",
              "name": "ifIndex"
            },
            {
              "type": "string",
              "description": "A textual string containing information about the interface.",
              "oid": ".1.3.6.1.2.1.2.2.1.2",
              "name": "ifDescr"
            },
            {
              "type": "int64",
              "description": "The type of interface.",
              "oid": ".1.3.6.1.2.1.2.2.1.3",
              "name": "ifType"
            },
            {
              "type": "int64",
              "description": "interface MTU",
              "oid": ".1.3.6.1.2.1.2.2.1.4",
              "name": "ifMtu"
            },
            {
              "type": "int64",
              "description": "An estimate of the interface's current bandwidth in bits per second.",
              "oid": ".1.3.6.1.2.1.2.2.1.5",
              "name": "ifSpeed"
            },
            {
              "type": "int64",
              "description": "The desired state of the interface.",
              "oid": ".1.3.6.1.2.1.2.2.1.7",
              "name": "ifAdminStatus"
            },
            {
              "type": "int64",
              "description": "The current operational state of the interface.",
              "oid": ".1.3.6.1.2.1.2.2.1.8",
              "name": "ifOperStatus"
            },
            {
              "type": "string",
              "description": "The name of the interface.",
              "oid": ".1.3.6.1.4.1.2272.1.3.3.1.1",
              "name": "vlanindex"
            },
            {
              "type": "int64",
              "description": "vlan Port  Type taken from vlantable ",
              "oid": ".1.3.6.1.4.1.2272.1.3.3.1.4",
              "name": "vlanportType"
            }
          ]
        }
      ],
      "computation": {
        "scriptName": "avaya-Interface-Inventory.js"
      }
    }
  }
}