{
  "device-key": [
    {
      "vendor": "Ubiquiti",
      "osType": "FASTPATH",
      "model": "Edgepoint-UBNT-EP-S16",
      "version": "*",
      "family": "Switch"
    }
  ],
  "feature-entities": {
    "CPUInventory": {
      "entityType": "SCALAR",
      "properties": [],
      "queries": [
        {
          "name": "Cpu",
          "queryType": "GET",
          "fields": [
            {
              "description": "Total CPU utilization over a period of 5, 60, 300 seconds, and the Rising threshold period also in seconds, if configured.",
              "name": "agentSwitchCpuProcessTotalUtilization",
              "oid": "1.3.6.1.4.1.4413.1.1.1.1.4.9.0",
              "type": "int32"
            }
          ]
        }
      ],
      "computation": {
        "scriptName": "Ubiquiti-Edgepoint-Cpu.js"
      }
    },
    "CPUMonitoring": {
      "entityType": "SCALAR",
      "properties": [],
      "queries": [
        {
          "name": "Cpu",
          "queryType": "GET",
          "fields": [
            {
              "description": "Total CPU utilization over a period of 5, 60, 300 seconds, and the Rising threshold period also in seconds, if configured.",
              "name": "agentSwitchCpuProcessTotalUtilization",
              "oid": "1.3.6.1.4.1.4413.1.1.1.1.4.9.0",
              "type": "int32"
            }
          ]
        }
      ],
      "computation": {
        "scriptName": "Ubiquiti-Edgepoint-Cpu.js"
      }
    },
    "MemoryInventory": {
      "entityType": "SCALAR",
      "properties": [],
      "queries": [
        {
          "name": "Memory",
          "queryType": "GET",
          "fields": [
            {
              "description": "The total memory available in KBytes.",
              "name": "agentSwitchCpuProcessMemAvailable",
              "oid": "1.3.6.1.4.1.4413.1.1.1.1.4.2.0",
              "type": "int32"
            },
            {
              "description": "The total memory free for utilization in KBytes.",
              "name": "agentSwitchCpuProcessMemFree",
              "oid": "1.3.6.1.4.1.4413.1.1.1.1.4.1.0",
              "type": "int32"
            }
          ]
        }
      ],
      "computation": {
        "scriptName": "Ubiquiti-Edgepoint-Memory.js"
      }
    },
    "MemoryMonitoring": {
      "entityType": "SCALAR",
      "properties": [],
      "queries": [
        {
          "name": "Memory",
          "queryType": "GET",
          "fields": [
            {
              "description": "The total memory available in KBytes.",
              "name": "agentSwitchCpuProcessMemAvailable",
              "oid": "1.3.6.1.4.1.4413.1.1.1.1.4.2.0",
              "type": "int32"
            },
            {
              "description": "The total memory free for utilization in KBytes.",
              "name": "agentSwitchCpuProcessMemFree",
              "oid": "1.3.6.1.4.1.4413.1.1.1.1.4.1.0",
              "type": "int32"
            }
          ]
        }
      ],
      "computation": {
        "scriptName": "Ubiquiti-Edgepoint-Memory.js"
      }
    },
    "EnvMon": {
      "entityType": "SCALAR",
      "properties": [],
      "queries": [
        {
          "name": "EnvMon",
          "queryType": "GET",
          "fields": [
            {
              "description": "The switch's Inventory system description.",
              "name": "agentInventorySysDescription",
              "oid": "1.3.6.1.4.1.4413.1.1.1.1.1.1.0",
              "type": "int32"
            },
            {
              "description": "Type of the Machine used in the Switch.",
              "name": "agentInventoryMachineType",
              "oid": "1.3.6.1.4.1.4413.1.1.1.1.1.2.0",
              "type": "int32"
            },
            {
              "description": "The switch's Machine Model.",
              "name": "agentInventoryMachineModel",
              "oid": "1.3.6.1.4.1.4413.1.1.1.1.1.3.0",
              "type": "int32"
            },
            {
              "description": "Serial number of the switch.",
              "name": "agentInventorySerialNumber",
              "oid": "1.3.6.1.4.1.4413.1.1.1.1.1.4.0",
              "type": "int32"
            },
            {
              "description": "The switch's Inventory Maintenance Level",
              "name": "agentInventoryMaintenanceLevel",
              "oid": "1.3.6.1.4.1.4413.1.1.1.1.1.6.0",
              "type": "int32"
            },
            {
              "description": "The switch's Inventory Part Number",
              "name": "agentInventoryPartNumber",
              "oid": "1.3.6.1.4.1.4413.1.1.1.1.1.7.0",
              "type": "int32"
            },
            {
              "description": "Name of the Manufacturer of this unit",
              "name": "agentInventoryManufacturer",
              "oid": "1.3.6.1.4.1.4413.1.1.1.1.1.8.0",
              "type": "int32"
            },
            {
              "description": "Burned-In MAC Address",
              "name": "agentInventoryBurnedInMacAddress",
              "oid": "1.3.6.1.4.1.4413.1.1.1.1.1.9.0",
              "type": "int32"
            },
            {
              "description": "Operating System running on this unit",
              "name": "agentInventoryOperatingSystem",
              "oid": "1.3.6.1.4.1.4413.1.1.1.1.1.10.0",
              "type": "int32"
            },
            {
              "description": "Network Processing Device for this unit",
              "name": "agentInventoryNetworkProcessingDevice",
              "oid": "1.3.6.1.4.1.4413.1.1.1.1.1.11.0",
              "type": "int32"
            },
            {
              "description": "Lists additional functional packages available on this unit.",
              "name": "agentInventoryAdditionalPackages",
              "oid": "1.3.6.1.4.1.4413.1.1.1.1.1.12.0",
              "type": "int32"
            },
            {
              "description": "Lists the version of software loaded on this unit.",
              "name": "agentInventorySoftwareVersion",
              "oid": "1.3.6.1.4.1.4413.1.1.1.1.1.13.0",
              "type": "int32"
            }
          ]
        }
      ],
      "computation": {
        "scriptName": "Ubiquiti-Edgepoint-EnvMon.js"
      }
    },
    "TempSensorStateTable": {
      "entityType": "VECTOR",
      "properties": [],
      "queries": [
        {
          "name": "TempSensorStateTable",
          "queryType": "TABLE",
          "fields": [
            {
              "description": "Unique index of temperature sensor table entry",
              "name": "boxServicesTempSensorIndex",
              "oid": "1.3.6.1.4.1.4413.1.1.43.1.8.1.2",
              "type": "int32"
            },
            {
              "description": "The type of temperature sensor",
              "name": "boxServicesTempSensorType",
              "oid": "1.3.6.1.4.1.4413.1.1.43.1.8.1.3",
              "type": "int32"
            },
            {
              "description": "The state of temperature sensor",
              "name": "boxServicesTempSensorState",
              "oid": "1.3.6.1.4.1.4413.1.1.43.1.8.1.4",
              "type": "int32"
            },
            {
              "description": "The temperature value reported by sensor",
              "name": "boxServicesTempSensorTemperature",
              "oid": "1.3.6.1.4.1.4413.1.1.43.1.8.1.5",
              "type": "int32"
            }
          ]
        }
      ],
      "computation": {
        "scriptName": "Ubiquiti-Edgepoint-TempSensorStateTable.js"
      }
    },
    "TemperatureInventory": {
      "entityType": "VECTOR",
      "properties": [],
      "queries": [
        {
          "name": "TempSensorValueTable",
          "queryType": "TABLE",
          "fields": [
            {
              "description": "Unique index of temperature sensor table entry",
              "name": "boxServicesTempSensorIndex",
              "oid": "1.3.6.1.4.1.4413.1.1.43.1.8.1.2",
              "type": "int32"
            },
            {
              "description": "The temperature value reported by sensor",
              "name": "boxServicesTempSensorTemperature",
              "oid": "1.3.6.1.4.1.4413.1.1.43.1.8.1.5",
              "type": "int32"
            },
            {
              "description": "The state of temperature sensor",
              "name": "boxServicesTempSensorState",
              "oid": "1.3.6.1.4.1.4413.1.1.43.1.8.1.4",
              "type": "int32"
            }
          ]
        }
      ],
      "computation": {
        "scriptName": "Ubiquiti-Edgepoint-TempSensorValueTable.js"
      }
    },
    "PowerSupplyInventory": {
      "entityType": "VECTOR",
      "properties": [],
      "queries": [
        {
          "name": "PowerSensorTable",
          "queryType": "TABLE",
          "fields": [
            {
              "description": "Unique index of power supply table entry",
              "name": "boxServicesPowSupplyIndex",
              "oid": "1.3.6.1.4.1.4413.1.1.43.1.7.1.1",
              "type": "int32"
            },
            {
              "description": "The status of power supply. nopower(5) - This state means the power supply is present but no AC is connected. Incompatible(7) - This state is possible on boards capable of pluggable Power supplies",
              "name": "boxServicesPowSupplyItemState",
              "oid": "1.3.6.1.4.1.4413.1.1.43.1.7.1.3",
              "type": "int32"
            }
          ]
        }
      ],
      "computation": {
        "scriptName": "Ubiquiti-Edgepoint-PowerSensorTable.js"
      }
    },
    "InterfaceInventory": {
      "entityType": "VECTOR",
      "properties": [],
      "queries": [
        {
          "name": "ifEntry",
          "queryType": "TABLE",
          "fields": [
            {
              "type": "int32",
              "description": "A unique value for each interface.  Its value ranges between 1 and the value of ifNumber.",
              "oid": ".1.3.6.1.2.1.2.2.1.1",
              "name": "ifIndex"
            },
            {
              "type": "string",
              "description": "A textual string containing information about the interface.",
              "oid": ".1.3.6.1.2.1.2.2.1.2",
              "name": "ifDescr"
            },
            {
              "type": "int64",
              "description": "The type of interface.",
              "oid": ".1.3.6.1.2.1.2.2.1.3",
              "name": "ifType"
            },
            {
              "type": "int64",
              "description": "interface MTU",
              "oid": ".1.3.6.1.2.1.2.2.1.4",
              "name": "ifMtu"
            },
            {
              "type": "int64",
              "description": "An estimate of the interface's current bandwidth in bits per second.",
              "oid": ".1.3.6.1.2.1.2.2.1.5",
              "name": "ifSpeed"
            },
            {
              "type": "int64",
              "description": "The desired state of the interface.",
              "oid": ".1.3.6.1.2.1.2.2.1.7",
              "name": "ifAdminStatus"
            },
            {
              "type": "int64",
              "description": "The current operational state of the interface.",
              "oid": ".1.3.6.1.2.1.2.2.1.8",
              "name": "ifOperStatus"
            },
            {
              "type": "string",
              "description": "The name of the interface.",
              "oid": ".1.3.6.1.4.1.4413.1.1.1.2.8.37.1.1",
              "name": "switchPortindex"
            },
            {
              "type": "int64",
              "description": "vlan Port  Type taken from vlantable ",
              "oid": ".1.3.6.1.4.1.4413.1.1.1.2.8.37.1.2",
              "name": "switchPortType"
            }
          ]
        }
      ],
      "computation": {
        "scriptName": "Ubiquiti-Edgepoint-Interface.js"
      }
    }
  }
}